,LR,KNN,SVM
Mean,0.5801273885350318,0.57171974522293,0.630764331210191
STD,0.032033594277242096,0.03220335805519726,0.03293005950524576
Max,0.6687898089171974,0.6751592356687898,0.7197452229299363
Min,0.4968152866242038,0.49044585987261147,0.5477707006369427
