,LR_multiclass,KNN_multiclass,SVM_multiclass,LDA_multiclass,LR_multiclass_scaled,KNN_multiclass_scaled,SVM_multiclass_scaled,LDA_multiclass_scaled,LR_multiclass_norm,KNN_multiclass_norm,SVM_multiclass_norm,LDA_multiclass_norm,LR_binary,KNN_binary,SVM_binary,LDA_binary,LR_binary_scaled,KNN_binary_scaled,SVM_binary_scaled,LDA_binary_scaled,LR_binary_norm,KNN_binary_norm,SVM_binary_norm,LDA_binary_norm
Mean,0.5658139534883722,0.618139534883721,0.5467441860465118,0.5941860465116281,0.6116279069767443,0.6132558139534884,0.624186046511628,0.5834883720930233,0.5993023255813955,0.6009302325581397,0.6062790697674418,0.5937209302325582,0.692093023255814,0.7083720930232559,0.6269767441860467,0.6760465116279069,0.6186046511627908,0.6088372093023255,0.6220930232558141,0.5988372093023258,0.6793023255813957,0.6981395348837209,0.719767441860465,0.6723255813953489
STD,0.07295471527832362,0.06310686978929067,0.06647217890121045,0.06964135894041418,0.0605991359106762,0.06591331147446224,0.06289569171872297,0.061625274186851715,0.05982261501900663,0.06079694279410593,0.06285569418094189,0.06295886180794118,0.05611546467667227,0.05337905917957622,0.0798809281526642,0.056894102382270356,0.0636886694773449,0.0659727724620373,0.06397462652780893,0.0653132403255052,0.06093688939314941,0.059014806879662055,0.06058797893075826,0.05902534495175676
Max,0.7674418604651163,0.7441860465116279,0.7209302325581395,0.7441860465116279,0.7441860465116279,0.7441860465116279,0.7674418604651163,0.7441860465116279,0.7441860465116279,0.7441860465116279,0.7674418604651163,0.7674418604651163,0.813953488372093,0.8604651162790697,0.813953488372093,0.8372093023255814,0.7674418604651163,0.7674418604651163,0.7441860465116279,0.7209302325581395,0.8372093023255814,0.8372093023255814,0.8604651162790697,0.813953488372093
Min,0.4186046511627907,0.46511627906976744,0.4186046511627907,0.3953488372093023,0.46511627906976744,0.4186046511627907,0.46511627906976744,0.4418604651162791,0.46511627906976744,0.4186046511627907,0.4186046511627907,0.46511627906976744,0.5813953488372093,0.5813953488372093,0.4186046511627907,0.5581395348837209,0.4418604651162791,0.4418604651162791,0.46511627906976744,0.46511627906976744,0.4883720930232558,0.5581395348837209,0.5813953488372093,0.4883720930232558
