,LR_multiclass_strict,KNN_multiclass_strict,SVM_multiclass_strict,LDA_multiclass_strict,Ensemble_multiclass_strict,Ensemble2_multiclass_strict,LR_multiclass_strict_norm,KNN_multiclass_strict_norm,SVM_multiclass_strict_norm,LDA_multiclass_strict_norm,Ensemble_multiclass_strict_norm,Ensemble2_multiclass_strict_norm,LR_binary_strict,KNN_binary_strict,SVM_binary_strict,LDA_binary_strict,Ensemble_binary_strict,Ensemble2_binary_strict,LR_binary_strict_norm,KNN_binary_strict_norm,SVM_binary_strict_norm,LDA_binary_strict_norm,Ensemble_binary_strict_norm,Ensemble2_binary_strict_norm
Mean_train,0.6026114649681529,0.6003821656050955,0.6284713375796178,0.562484076433121,0.6254140127388536,0.6261783439490444,0.5568152866242039,0.6039490445859872,0.635859872611465,0.5587261146496815,0.6283439490445859,0.6291082802547769,0.6836942675159237,0.6356687898089172,0.7086624203821655,0.6472611464968152,0.6908917197452229,0.6998089171974522,0.6522929936305732,0.6288535031847133,0.7040764331210192,0.6463694267515924,0.6781528662420381,0.6918471337579619
STD_train,0.040403408184416165,0.03430774519226955,0.03324395362703877,0.040969774898966894,0.03646400855411368,0.03513817101839179,0.03969721909175512,0.03430490702671272,0.03457202566260997,0.039109317606939566,0.03489114767810869,0.037970064928341915,0.031010932887255607,0.036744471597085236,0.029638305369885584,0.029337831296231354,0.030016899239071942,0.028735293066706642,0.03172070445944261,0.03478027796035263,0.0303925124925726,0.03386570955139143,0.03173809358555766,0.03153708952552539
Max_train,0.7261146496815286,0.7070063694267515,0.7006369426751592,0.6560509554140127,0.7070063694267515,0.7133757961783439,0.6751592356687898,0.6815286624203821,0.7133757961783439,0.6496815286624203,0.7006369426751592,0.7133757961783439,0.7643312101910829,0.732484076433121,0.7961783439490446,0.732484076433121,0.7643312101910829,0.7707006369426752,0.7579617834394905,0.7070063694267515,0.7770700636942676,0.7261146496815286,0.7770700636942676,0.7643312101910829
Min_train,0.5031847133757962,0.5286624203821656,0.5286624203821656,0.445859872611465,0.535031847133758,0.5414012738853503,0.47770700636942676,0.5159235668789809,0.5222929936305732,0.4713375796178344,0.5286624203821656,0.5159235668789809,0.6242038216560509,0.5222929936305732,0.643312101910828,0.554140127388535,0.6050955414012739,0.643312101910828,0.5732484076433121,0.535031847133758,0.6178343949044586,0.5668789808917197,0.5987261146496815,0.5987261146496815
