,LR_multiclass,KNN_multiclass,SVM_multiclass,LDA_multiclass,LR_binary,KNN_binary,SVM_binary,LDA_binary
Mean,0.6287898089171974,0.575859872611465,0.6287898089171974,0.5336942675159235,0.6270700636942674,0.6034394904458598,0.6242675159235669,0.6080254777070064
STD,0.032553690862237215,0.029493884874661678,0.032553690862237215,0.032553690862237215,0.03519216357103408,0.03564170946529733,0.03419967000862629,0.03419967000862629
Max,0.7006369426751592,0.6369426751592356,0.7006369426751592,0.7006369426751592,0.7707006369426752,0.7070063694267515,0.7388535031847133,0.7388535031847133
Min,0.5477707006369427,0.5159235668789809,0.5477707006369427,0.5477707006369427,0.535031847133758,0.5286624203821656,0.5222929936305732,0.5222929936305732
