,LR_multiclass,KNN_multiclass,SVM_multiclass,LDA_multiclass,Ensemble_multiclass,Ensemble2_multiclass,LR_multiclass_norm,KNN_multiclass_norm,SVM_multiclass_norm,LDA_multiclass_norm,Ensemble_multiclass_norm,Ensemble2_multiclass_norm,LR_binary,KNN_binary,SVM_binary,LDA_binary,Ensemble_binary,Ensemble2_binary,LR_binary_norm,KNN_binary_norm,SVM_binary_norm,LDA_binary_norm,Ensemble_binary_norm,Ensemble2_binary_norm
Mean,0.6378021978021978,0.6386813186813187,0.6402747252747253,0.6696153846153847,0.6408791208791209,0.6403846153846153,0.6699450549450549,0.6586813186813189,0.6692307692307692,0.673076923076923,0.6787912087912089,0.6766483516483516,0.7182967032967034,0.7072527472527473,0.6661538461538463,0.7186263736263738,0.7313736263736266,0.7308241758241759,0.7211538461538463,0.7282967032967034,0.7333516483516483,0.7235164835164835,0.737967032967033,0.7349450549450551
STD,0.03171315100054371,0.029742687512254774,0.031424104423960354,0.03248414659829899,0.03183514776558847,0.03159579541852764,0.031946238122469356,0.030860148252251602,0.03274651522143152,0.031768506649392896,0.031462173691352874,0.030108436236656884,0.02813331684113191,0.030553403175396975,0.036769040283788954,0.028983659704869824,0.027570101448883038,0.027345806642427074,0.032527982992727536,0.03098798805887085,0.03130860643811807,0.03220623975257156,0.03210122221312421,0.03293148266350327
Max,0.7142857142857143,0.7142857142857143,0.7142857142857143,0.7417582417582418,0.7197802197802198,0.7142857142857143,0.7582417582417582,0.7307692307692307,0.7637362637362637,0.7472527472527473,0.7527472527472527,0.7527472527472527,0.7967032967032966,0.8021978021978022,0.7472527472527473,0.7967032967032966,0.8076923076923077,0.8076923076923077,0.7967032967032966,0.8131868131868132,0.8076923076923077,0.7967032967032966,0.8131868131868132,0.8076923076923077
Min,0.5659340659340659,0.5604395604395604,0.5659340659340659,0.5769230769230769,0.5659340659340659,0.5659340659340659,0.5604395604395604,0.5714285714285714,0.5769230769230769,0.5714285714285714,0.5769230769230769,0.5824175824175825,0.6538461538461539,0.6483516483516484,0.5714285714285714,0.6538461538461539,0.6813186813186813,0.6813186813186813,0.6428571428571429,0.6483516483516484,0.6538461538461539,0.6483516483516484,0.6538461538461539,0.6593406593406593
