,LR_multiclass_vstrict,KNN_multiclass_vstrict,SVM_multiclass_vstrict,LDA_multiclass_vstrict,Ensemble_multiclass_vstrict,Ensemble2_multiclass_vstrict,LR_multiclass_vstrict_norm,KNN_multiclass_vstrict_norm,SVM_multiclass_vstrict_norm,LDA_multiclass_vstrict_norm,Ensemble_multiclass_vstrict_norm,Ensemble2_multiclass_vstrict_norm,LR_binary_vstrict,KNN_binary_vstrict,SVM_binary_vstrict,LDA_binary_vstrict,Ensemble_binary_vstrict,Ensemble2_binary_vstrict,LR_binary_vstrict_norm,KNN_binary_vstrict_norm,SVM_binary_vstrict_norm,LDA_binary_vstrict_norm,Ensemble_binary_vstrict_norm,Ensemble2_binary_vstrict_norm
Mean_train,0.6128662420382166,0.6331210191082802,0.6321656050955414,0.5978980891719745,0.633312101910828,0.632484076433121,0.595732484076433,0.6268789808917197,0.6350955414012739,0.5996178343949045,0.6326114649681529,0.634076433121019,0.6968152866242039,0.6626751592356688,0.7121656050955413,0.6747133757961784,0.7018471337579616,0.7108917197452229,0.682292993630573,0.6714649681528662,0.70828025477707,0.6782165605095541,0.699044585987261,0.709108280254777
STD_train,0.03509062816013423,0.035929438920179496,0.03658264049770618,0.033903723288716284,0.03730608646027101,0.03540049230978408,0.03826382427680137,0.0356139250472065,0.03191451470624373,0.03646762430178186,0.034616882190596984,0.032156144159478456,0.0348169436145642,0.04002027965776546,0.03328834509897993,0.03331953005074573,0.033963978981119816,0.034026035712861336,0.034621569712750204,0.03702144030248785,0.03159132934429872,0.032144850464985594,0.03380449862889278,0.03220253917868826
Max_train,0.6878980891719745,0.7261146496815286,0.7388535031847133,0.6815286624203821,0.7261146496815286,0.732484076433121,0.6942675159235668,0.7070063694267515,0.7070063694267515,0.6815286624203821,0.7070063694267515,0.7133757961783439,0.7643312101910829,0.7515923566878981,0.7898089171974523,0.7579617834394905,0.7770700636942676,0.7961783439490446,0.7707006369426752,0.7579617834394905,0.7898089171974523,0.7579617834394905,0.7707006369426752,0.7707006369426752
Min_train,0.5159235668789809,0.5414012738853503,0.5414012738853503,0.5095541401273885,0.5414012738853503,0.5605095541401274,0.5095541401273885,0.535031847133758,0.5605095541401274,0.47770700636942676,0.5222929936305732,0.554140127388535,0.6050955414012739,0.5605095541401274,0.6242038216560509,0.5732484076433121,0.5923566878980892,0.5987261146496815,0.5923566878980892,0.5796178343949044,0.5923566878980892,0.6050955414012739,0.6114649681528662,0.6178343949044586
