,LR_multiclass,KNN_multiclass,SVM_multiclass,LDA_multiclass,Ensemble_multiclass,Ensemble2_multiclass,LR_multiclass_norm,KNN_multiclass_norm,SVM_multiclass_norm,LDA_multiclass_norm,Ensemble_multiclass_norm,Ensemble2_multiclass_norm,LR_binary,KNN_binary,SVM_binary,LDA_binary,Ensemble_binary,Ensemble2_binary,LR_binary_norm,KNN_binary_norm,SVM_binary_norm,LDA_binary_norm,Ensemble_binary_norm,Ensemble2_binary_norm
Mean,0.6395054945054945,0.6394505494505495,0.6423626373626373,0.6720329670329671,0.6435164835164835,0.6431318681318682,0.6671428571428575,0.6534065934065935,0.6639010989010988,0.670989010989011,0.676098901098901,0.6723626373626375,0.7236263736263736,0.7087362637362637,0.6713186813186813,0.7243956043956046,0.7362087912087912,0.7359340659340657,0.7160989010989012,0.7252747252747253,0.7368131868131869,0.7177472527472528,0.7372527472527471,0.7352197802197802
STD,0.032616219517763896,0.03120550207091123,0.030799582753506947,0.03199760549850515,0.031074622604752175,0.03128854343248974,0.030246541597173427,0.029829447168315853,0.03317748759156637,0.03257347504359785,0.03322586124288551,0.031087978122902683,0.02960411822642679,0.02769683156838821,0.03975364907047589,0.028494401664478593,0.032024012470538404,0.031379543715558435,0.02917841092814604,0.02620136047816783,0.027543863427459958,0.028673265258123883,0.02895328093246109,0.028302783940715642
Max,0.7307692307692307,0.7362637362637363,0.7307692307692307,0.7692307692307693,0.7252747252747253,0.7307692307692307,0.7417582417582418,0.7307692307692307,0.7472527472527473,0.7472527472527473,0.7472527472527473,0.7582417582417582,0.7912087912087912,0.7747252747252747,0.7472527472527473,0.7912087912087912,0.8076923076923077,0.8131868131868132,0.7802197802197802,0.7802197802197802,0.7967032967032966,0.7802197802197802,0.7912087912087912,0.7967032967032966
Min,0.5604395604395604,0.5824175824175825,0.5769230769230769,0.5989010989010989,0.5714285714285714,0.5714285714285714,0.5989010989010989,0.5494505494505495,0.5934065934065934,0.5989010989010989,0.5989010989010989,0.6098901098901099,0.6483516483516484,0.6538461538461539,0.554945054945055,0.6593406593406593,0.6593406593406593,0.6648351648351648,0.6043956043956044,0.6483516483516484,0.6648351648351648,0.5989010989010989,0.6538461538461539,0.6593406593406593
