,LR_multiclass_strict,KNN_multiclass_strict,SVM_multiclass_strict,LDA_multiclass_strict,Ensemble_multiclass_strict,Ensemble2_multiclass_strict,LR_multiclass_strict_norm,KNN_multiclass_strict_norm,SVM_multiclass_strict_norm,LDA_multiclass_strict_norm,Ensemble_multiclass_strict_norm,Ensemble2_multiclass_strict_norm,LR_binary_strict,KNN_binary_strict,SVM_binary_strict,LDA_binary_strict,Ensemble_binary_strict,Ensemble2_binary_strict,LR_binary_strict_norm,KNN_binary_strict_norm,SVM_binary_strict_norm,LDA_binary_strict_norm,Ensemble_binary_strict_norm,Ensemble2_binary_strict_norm
Mean,0.6142857142857143,0.55375,0.5730357142857144,0.42571428571428577,0.5904464285714285,0.5871428571428572,0.5873214285714287,0.5725892857142858,0.6124107142857143,0.5778571428571428,0.6110714285714285,0.6115178571428572,0.7355357142857142,0.6045535714285715,0.6349107142857142,0.6998214285714287,0.6931249999999999,0.6826785714285714,0.7113392857142857,0.6707142857142858,0.7466071428571429,0.6991964285714285,0.7201785714285716,0.7296428571428573
STD,0.045140088070587635,0.045753680012583446,0.0433634527063084,0.045261428819420954,0.04534545335870094,0.046516400443328394,0.04112147571897344,0.040201481563469255,0.03825963180717253,0.04170856736734953,0.03997607702981719,0.03765899542240194,0.03972522010316491,0.042788169945031505,0.05473287112076661,0.040005181424614566,0.05119202482430485,0.045830975511399835,0.036313170679464477,0.04178876667728019,0.03652604256847826,0.03751477175046912,0.03426105884325854,0.036576206440130175
Max,0.7767857142857143,0.6517857142857143,0.6875,0.5267857142857143,0.7321428571428571,0.7142857142857143,0.6964285714285714,0.6607142857142857,0.7142857142857143,0.6964285714285714,0.6964285714285714,0.7053571428571429,0.8392857142857143,0.6964285714285714,0.7410714285714286,0.7857142857142857,0.8125,0.7678571428571429,0.8035714285714286,0.75,0.8482142857142857,0.7767857142857143,0.8035714285714286,0.8125
Min,0.5089285714285714,0.4017857142857143,0.41964285714285715,0.3392857142857143,0.44642857142857145,0.42857142857142855,0.5089285714285714,0.48214285714285715,0.5089285714285714,0.48214285714285715,0.5267857142857143,0.5357142857142857,0.6339285714285714,0.5,0.44642857142857145,0.6071428571428571,0.5892857142857143,0.5982142857142857,0.6339285714285714,0.5803571428571429,0.6428571428571429,0.625,0.6428571428571429,0.6428571428571429
