,LR_multiclass,KNN_multiclass,SVM_multiclass,LDA_multiclass,Ensemble_multiclass,Ensemble2_multiclass,LR_binary,KNN_binary,SVM_binary,LDA_binary,Ensemble_binary,Ensemble2_binary
Mean,0.482,0.5185,0.543,0.529,0.557,0.5485,0.5149999999999999,0.4745,0.5275,0.5414999999999999,0.5425,0.5159999999999999
STD,0.0983666610188635,0.09128389781336027,0.09165696918401786,0.09622369770487933,0.09950376877284597,0.09339566371090254,0.08902246907382429,0.10428206940792842,0.09470348462437905,0.10248292540711357,0.0920258115965298,0.09024411338142783
Max,0.65,0.75,0.8,0.8,0.8,0.75,0.7,0.7,0.75,0.75,0.75,0.75
Min,0.25,0.35,0.3,0.3,0.3,0.3,0.25,0.2,0.35,0.3,0.35,0.3
