,LR_multiclass,KNN_multiclass,SVM_multiclass,LDA_multiclass,Ensemble_multiclass,Ensemble2_multiclass,LR_multiclass_norm,KNN_multiclass_norm,SVM_multiclass_norm,LDA_multiclass_norm,Ensemble_multiclass_norm,Ensemble2_multiclass_norm,LR_binary,KNN_binary,SVM_binary,LDA_binary,Ensemble_binary,Ensemble2_binary,LR_binary_norm,KNN_binary_norm,SVM_binary_norm,LDA_binary_norm,Ensemble_binary_norm,Ensemble2_binary_norm
Mean,0.5745859872611464,0.5740764331210191,0.6250318471337579,0.5796178343949046,0.620063694267516,0.6177707006369426,0.5750318471337578,0.5708917197452229,0.6308280254777069,0.5877070063694266,0.6245222929936305,0.621592356687898,0.6270700636942675,0.5864331210191083,0.6463057324840764,0.6262420382165605,0.6418471337579617,0.6410828025477706,0.6237579617834395,0.5823566878980891,0.647579617834395,0.6270063694267516,0.6446496815286623,0.6424840764331209
STD,0.03210462782961699,0.033987382900688146,0.03165105241905939,0.032899800178713266,0.03259472848799159,0.031891624973304,0.032127176388476085,0.03353072177285518,0.03169287481323747,0.031692042746583174,0.03315009747550376,0.032228229382304296,0.031596144728724865,0.035351810377653434,0.032433518793123665,0.0320993831782158,0.031959737236900015,0.03379249525572113,0.03568306129413543,0.03416121366116853,0.03358391619744916,0.032829683908982644,0.03499471106361734,0.03496409197586666
Max,0.6369426751592356,0.6751592356687898,0.6942675159235668,0.6560509554140127,0.7006369426751592,0.7006369426751592,0.6496815286624203,0.6687898089171974,0.7388535031847133,0.6815286624203821,0.7515923566878981,0.7388535031847133,0.7197452229299363,0.6878980891719745,0.7261146496815286,0.732484076433121,0.7070063694267515,0.7261146496815286,0.732484076433121,0.6560509554140127,0.7515923566878981,0.7197452229299363,0.7515923566878981,0.7388535031847133
Min,0.43312101910828027,0.47770700636942676,0.554140127388535,0.4713375796178344,0.5414012738853503,0.535031847133758,0.4968152866242038,0.4968152866242038,0.5605095541401274,0.5095541401273885,0.5477707006369427,0.554140127388535,0.5605095541401274,0.5031847133757962,0.5477707006369427,0.5605095541401274,0.5605095541401274,0.5668789808917197,0.5286624203821656,0.47770700636942676,0.5668789808917197,0.5286624203821656,0.535031847133758,0.554140127388535
