,LR_multiclass,KNN_multiclass,SVM_multiclass,LDA_multiclass,Ensemble_multiclass,LR_multiclass_norm,KNN_multiclass_norm,SVM_multiclass_norm,LDA_multiclass_norm,Ensemble_multiclass_norm,LR_binary,KNN_binary,SVM_binary,LDA_binary,Ensemble_binary,LR_binary_norm,KNN_binary_norm,SVM_binary_norm,LDA_binary_norm,Ensemble_binary_norm
Mean,0.6301273885350317,0.5827388535031847,0.629936305732484,0.610764331210191,0.6301273885350317,0.6118471337579617,0.5899363057324841,0.6302547770700637,0.6121656050955414,0.6292356687898089,0.6273885350318471,0.6312738853503185,0.6270063694267516,0.6277070063694268,0.627515923566879,0.6320382165605095,0.6203821656050955,0.6310191082802546,0.6314012738853502,0.6356050955414012
STD,0.03569442891074046,0.03218287989170735,0.035571979631702416,0.03686456710944344,0.03569442891074046,0.03477986969902835,0.03430963717220797,0.032357377494030753,0.03337597850876437,0.03332001708403317,0.035640343524937015,0.03382273559758269,0.0345985947860138,0.03562753528718738,0.0361150428538793,0.03370209293497204,0.03652298391549414,0.033124142429902984,0.03484786662434421,0.03350215541757623
Max,0.7070063694267515,0.6751592356687898,0.7070063694267515,0.6942675159235668,0.7070063694267515,0.7070063694267515,0.6751592356687898,0.7070063694267515,0.6942675159235668,0.7006369426751592,0.7133757961783439,0.7006369426751592,0.7006369426751592,0.7452229299363057,0.7133757961783439,0.6878980891719745,0.732484076433121,0.6942675159235668,0.6942675159235668,0.7070063694267515
Min,0.5605095541401274,0.5031847133757962,0.5605095541401274,0.535031847133758,0.5605095541401274,0.5222929936305732,0.5159235668789809,0.5414012738853503,0.5222929936305732,0.5414012738853503,0.5222929936305732,0.554140127388535,0.5159235668789809,0.5414012738853503,0.5159235668789809,0.535031847133758,0.5286624203821656,0.5222929936305732,0.5222929936305732,0.535031847133758
