,LR_multiclass,KNN_multiclass,SVM_multiclass,LDA_multiclass,Ensemble_multiclass,Ensemble2_multiclass,LR_multiclass_norm,KNN_multiclass_norm,SVM_multiclass_norm,LDA_multiclass_norm,Ensemble_multiclass_norm,Ensemble2_multiclass_norm,LR_binary,KNN_binary,SVM_binary,LDA_binary,Ensemble_binary,Ensemble2_binary,LR_binary_norm,KNN_binary_norm,SVM_binary_norm,LDA_binary_norm,Ensemble_binary_norm,Ensemble2_binary_norm
Mean,0.6368152866242038,0.6388535031847133,0.6303821656050954,0.5231210191082802,0.6494904458598725,0.6431210191082802,0.5738216560509555,0.6121019108280255,0.644140127388535,0.5307006369426752,0.6391719745222929,0.6352229299363057,0.7177707006369427,0.7214012738853505,0.6428662420382166,0.6528025477707006,0.7160509554140126,0.7337579617834393,0.6707643312101912,0.6559235668789809,0.7462420382165604,0.650700636942675,0.7115286624203822,0.7232484076433123
STD,0.03315750073152139,0.03227106379845452,0.033829452002537654,0.034284500798610715,0.03490370309285102,0.03510074290699307,0.038817932971231636,0.03537756452738552,0.0311992051378447,0.04044340230258721,0.03439932738724281,0.034251351762665964,0.03156171464467063,0.032845744855147636,0.03874638046669323,0.03788063613536658,0.03298821980569923,0.03220184626691605,0.031625919607594095,0.0358500852116129,0.03030294522969509,0.03503439481181912,0.030203375712294638,0.031195563971329505
Max,0.7006369426751592,0.7070063694267515,0.7133757961783439,0.5987261146496815,0.7197452229299363,0.7133757961783439,0.6560509554140127,0.6878980891719745,0.7133757961783439,0.6178343949044586,0.7197452229299363,0.7070063694267515,0.7961783439490446,0.8089171974522293,0.7261146496815286,0.7388535031847133,0.802547770700637,0.821656050955414,0.7452229299363057,0.7515923566878981,0.8280254777070064,0.7261146496815286,0.7898089171974523,0.7834394904458599
Min,0.5477707006369427,0.5414012738853503,0.554140127388535,0.4394904458598726,0.554140127388535,0.5477707006369427,0.45222929936305734,0.535031847133758,0.554140127388535,0.43312101910828027,0.5605095541401274,0.554140127388535,0.6560509554140127,0.6305732484076433,0.535031847133758,0.535031847133758,0.6305732484076433,0.6242038216560509,0.5796178343949044,0.5732484076433121,0.6496815286624203,0.554140127388535,0.6242038216560509,0.6496815286624203
