,LR_multiclass,KNN_multiclass,SVM_multiclass,LDA_multiclass,Ensemble_multiclass,Ensemble2_multiclass,LR_binary,KNN_binary,SVM_binary,LDA_binary,Ensemble_binary,Ensemble2_binary
Mean,0.6288535031847133,0.5773248407643312,0.6287898089171974,0.5335668789808917,0.6288535031847133,0.6288535031847133,0.6270063694267515,0.6042675159235669,0.6210191082802546,0.602484076433121,0.6259872611464966,0.6214649681528662
STD,0.03187075557076655,0.029759881274800178,0.031797158240657715,0.03520922090711292,0.03187075557076655,0.03187075557076655,0.0333324948844474,0.0362291627471064,0.032942931314613365,0.03349973342035511,0.035073281807645094,0.03323418931164714
Max,0.7006369426751592,0.6560509554140127,0.7006369426751592,0.5987261146496815,0.7006369426751592,0.7006369426751592,0.7133757961783439,0.6942675159235668,0.7006369426751592,0.6815286624203821,0.7006369426751592,0.6942675159235668
Min,0.535031847133758,0.49044585987261147,0.535031847133758,0.4394904458598726,0.535031847133758,0.535031847133758,0.5222929936305732,0.5159235668789809,0.5159235668789809,0.535031847133758,0.5159235668789809,0.5159235668789809
