,Binary,Binary Normalized,Multiclass,Multiclass Normalized
LR,0.7589285714285714,0.5714285714285714,0.6696428571428571,0.5714285714285714
KNN,0.625,0.6517857142857143,0.5803571428571429,0.6517857142857143
SVM,0.6696428571428571,0.625,0.5982142857142857,0.625
LDA,0.6428571428571429,0.5625,0.5625,0.5625
Ensemble,0.7321428571428571,0.6339285714285714,0.625,0.6339285714285714
Ensemble Less,0.75,0.6428571428571429,0.6428571428571429,0.6428571428571429
