,LR_multiclass_strict,KNN_multiclass_strict,SVM_multiclass_strict,LDA_multiclass_strict,Ensemble_multiclass_strict,Ensemble2_multiclass_strict,LR_multiclass_strict_norm,KNN_multiclass_strict_norm,SVM_multiclass_strict_norm,LDA_multiclass_strict_norm,Ensemble_multiclass_strict_norm,Ensemble2_multiclass_strict_norm,LR_binary_strict,KNN_binary_strict,SVM_binary_strict,LDA_binary_strict,Ensemble_binary_strict,Ensemble2_binary_strict,LR_binary_strict_norm,KNN_binary_strict_norm,SVM_binary_strict_norm,LDA_binary_strict_norm,Ensemble_binary_strict_norm,Ensemble2_binary_strict_norm
Mean_train,0.602484076433121,0.5953503184713376,0.6284076433121019,0.5564331210191082,0.624076433121019,0.6264331210191082,0.5589171974522293,0.6000636942675159,0.6306369426751592,0.5576433121019108,0.6252866242038216,0.6264331210191083,0.6798089171974522,0.6378343949044587,0.7071974522292993,0.647324840764331,0.686687898089172,0.6985350318471335,0.6532484076433122,0.6299363057324839,0.7080254777070063,0.6514649681528661,0.679299363057325,0.6952866242038216
STD_train,0.036965674808410266,0.035968429772253785,0.03552313298968341,0.03807319179935426,0.036556070659758,0.036593728666634816,0.035956246146994324,0.0339830854299393,0.031132035250013203,0.034774678530028275,0.02949333465924261,0.033125612126414274,0.03238845674479637,0.03760681300343361,0.03219497933512654,0.035275987727554414,0.033202924205988756,0.03287580713032555,0.03359919400766972,0.031494867044779905,0.03238676569831045,0.034501838959068054,0.034043677333807136,0.03320322967163295
Max_train,0.6942675159235668,0.6751592356687898,0.7070063694267515,0.643312101910828,0.6942675159235668,0.7006369426751592,0.643312101910828,0.6878980891719745,0.7070063694267515,0.6624203821656051,0.7070063694267515,0.7006369426751592,0.7579617834394905,0.7197452229299363,0.7834394904458599,0.7261146496815286,0.7643312101910829,0.7770700636942676,0.7452229299363057,0.7006369426751592,0.7834394904458599,0.732484076433121,0.7579617834394905,0.7707006369426752
Min_train,0.5031847133757962,0.4968152866242038,0.5222929936305732,0.4394904458598726,0.5286624203821656,0.5286624203821656,0.4840764331210191,0.535031847133758,0.554140127388535,0.4585987261146497,0.554140127388535,0.5477707006369427,0.5859872611464968,0.5668789808917197,0.6178343949044586,0.554140127388535,0.6050955414012739,0.6178343949044586,0.5859872611464968,0.5605095541401274,0.6242038216560509,0.5605095541401274,0.5859872611464968,0.6242038216560509
