,LR_multiclass_strict,KNN_multiclass_strict,SVM_multiclass_strict,LDA_multiclass_strict,Ensemble_multiclass_strict,Ensemble2_multiclass_strict,LR_multiclass_strict_norm,KNN_multiclass_strict_norm,SVM_multiclass_strict_norm,LDA_multiclass_strict_norm,Ensemble_multiclass_strict_norm,Ensemble2_multiclass_strict_norm,LR_binary_strict,KNN_binary_strict,SVM_binary_strict,LDA_binary_strict,Ensemble_binary_strict,Ensemble2_binary_strict,LR_binary_strict_norm,KNN_binary_strict_norm,SVM_binary_strict_norm,LDA_binary_strict_norm,Ensemble_binary_strict_norm,Ensemble2_binary_strict_norm
Mean,0.6254140127388534,0.5870700636942675,0.6376433121019108,0.6082802547770702,0.6397452229299363,0.6404458598726115,0.6056687898089171,0.6019108280254777,0.6417834394904457,0.6080891719745223,0.6395541401273885,0.6412101910828025,0.6970063694267514,0.6340127388535033,0.7021019108280254,0.674076433121019,0.6956050955414013,0.7003821656050956,0.6781528662420384,0.634076433121019,0.699044585987261,0.6739490445859871,0.6877070063694269,0.6947770700636942
STD,0.03217279354625207,0.03152776168050019,0.0328244315105074,0.03374594185719644,0.032953028161194754,0.03269415025274268,0.03652403915678025,0.03499708756131503,0.03255418935301296,0.035158485637712185,0.03154114145371106,0.03157919131887213,0.0329891421583654,0.0395460877779576,0.033894149042032924,0.0320130075190036,0.03545540128303701,0.03281237871358438,0.036638933620593186,0.032669323177304394,0.033924298769165355,0.03847782245930487,0.034717232299073766,0.030127859841992927
Max,0.7133757961783439,0.6560509554140127,0.7133757961783439,0.6942675159235668,0.7133757961783439,0.7006369426751592,0.7006369426751592,0.7070063694267515,0.7133757961783439,0.6878980891719745,0.7197452229299363,0.7261146496815286,0.7707006369426752,0.7133757961783439,0.7961783439490446,0.7452229299363057,0.7770700636942676,0.7834394904458599,0.7579617834394905,0.7070063694267515,0.7961783439490446,0.7643312101910829,0.7707006369426752,0.7834394904458599
Min,0.5414012738853503,0.5159235668789809,0.5477707006369427,0.5286624203821656,0.554140127388535,0.5605095541401274,0.4840764331210191,0.5159235668789809,0.5222929936305732,0.46496815286624205,0.5095541401273885,0.5286624203821656,0.6114649681528662,0.5095541401273885,0.6178343949044586,0.5859872611464968,0.5987261146496815,0.6178343949044586,0.5796178343949044,0.5414012738853503,0.6114649681528662,0.5605095541401274,0.5923566878980892,0.6305732484076433
