,Binary,Binary Normalized,Multiclass,Multiclass Normalized
LR,0.7006369426751592,0.6496815286624203,0.7006369426751592,0.6496815286624203
KNN,0.5668789808917197,0.6369426751592356,0.5668789808917197,0.6050955414012739
SVM,0.6496815286624203,0.6751592356687898,0.7006369426751592,0.7006369426751592
LDA,0.6624203821656051,0.6624203821656051,0.6496815286624203,0.6496815286624203
Ensemble,0.6815286624203821,0.6624203821656051,0.7006369426751592,0.6815286624203821
Ensemble Less,0.6624203821656051,0.6496815286624203,0.7006369426751592,0.6815286624203821
