,LR_multiclass,KNN_multiclass,SVM_multiclass,LDA_multiclass,LR_multiclass_norm,KNN_multiclass_norm,SVM_multiclass_norm,LDA_multiclass_norm,LR_binary,KNN_binary,SVM_binary,LDA_binary,LR_binary_norm,KNN_binary_norm,SVM_binary_norm,LDA_binary_norm
Mean,0.579044585987261,0.5748407643312102,0.6252229299363058,0.5787898089171974,0.5743949044585986,0.5723566878980892,0.6266878980891719,0.5810828025477706,0.629108280254777,0.5818471337579618,0.6398089171974523,0.6303821656050955,0.6230573248407643,0.58828025477707,0.6485350318471338,0.6271337579617835
STD,0.03441960660490563,0.03536466111747132,0.035993968147901824,0.035993968147901824,0.03425756965022317,0.035623492620742006,0.03337597850876437,0.03252595028098647,0.03532425733564199,0.03644931936908941,0.037513436271941855,0.037513436271941855,0.036715532762833,0.03244683765366159,0.03358784198990348,0.0334309361214882
Max,0.6942675159235668,0.6751592356687898,0.7261146496815286,0.7261146496815286,0.643312101910828,0.6687898089171974,0.7133757961783439,0.6751592356687898,0.7133757961783439,0.6624203821656051,0.7261146496815286,0.7261146496815286,0.7261146496815286,0.6560509554140127,0.7388535031847133,0.7070063694267515
Min,0.4968152866242038,0.4968152866242038,0.5222929936305732,0.5222929936305732,0.47770700636942676,0.4585987261146497,0.5414012738853503,0.47770700636942676,0.5414012738853503,0.4840764331210191,0.5222929936305732,0.5222929936305732,0.5222929936305732,0.5031847133757962,0.5732484076433121,0.5605095541401274
