,LR_multiclass,KNN_multiclass,SVM_multiclass,LDA_multiclass,Ensemble_multiclass,Ensemble2_multiclass,LR_multiclass_norm,KNN_multiclass_norm,SVM_multiclass_norm,LDA_multiclass_norm,Ensemble_multiclass_norm,Ensemble2_multiclass_norm,LR_binary,KNN_binary,SVM_binary,LDA_binary,Ensemble_binary,Ensemble2_binary,LR_binary_norm,KNN_binary_norm,SVM_binary_norm,LDA_binary_norm,Ensemble_binary_norm,Ensemble2_binary_norm
Mean,0.589936305732484,0.5989808917197452,0.6306369426751592,0.4983439490445859,0.6260509554140128,0.6256687898089172,0.5444585987261146,0.5930573248407645,0.6275159235668791,0.5021656050955413,0.6171337579617834,0.6166878980891719,0.6821656050955415,0.6521656050955414,0.7138216560509553,0.622484076433121,0.6942675159235668,0.7049681528662419,0.6324840764331209,0.6414649681528662,0.7072611464968152,0.6196178343949044,0.6759872611464968,0.6897452229299362
STD,0.0347560656104502,0.03799212227586851,0.03767659946313306,0.03473668357936234,0.036090489452795596,0.03761581976439602,0.0341163525925566,0.03190942951790108,0.032942685011402406,0.034603284785464115,0.031641309412814414,0.031557665358033185,0.03284426263529614,0.03879493340482364,0.033368198191902135,0.03584867062649668,0.03241531375796044,0.034522998089022455,0.03463586273712744,0.03718670772315388,0.030359122776424004,0.039264610055667726,0.03459079625456413,0.034971517246758205
Max,0.6687898089171974,0.7006369426751592,0.732484076433121,0.5859872611464968,0.7452229299363057,0.7452229299363057,0.6178343949044586,0.6687898089171974,0.7261146496815286,0.5859872611464968,0.7070063694267515,0.7006369426751592,0.7579617834394905,0.7452229299363057,0.7898089171974523,0.6942675159235668,0.7834394904458599,0.7834394904458599,0.7197452229299363,0.7452229299363057,0.7834394904458599,0.7133757961783439,0.7579617834394905,0.7834394904458599
Min,0.5095541401273885,0.49044585987261147,0.5286624203821656,0.4267515923566879,0.5222929936305732,0.5286624203821656,0.46496815286624205,0.5095541401273885,0.5477707006369427,0.4140127388535032,0.535031847133758,0.5414012738853503,0.5923566878980892,0.5222929936305732,0.6178343949044586,0.5159235668789809,0.6114649681528662,0.5923566878980892,0.554140127388535,0.5477707006369427,0.6369426751592356,0.5031847133757962,0.6114649681528662,0.6114649681528662
