,LR_multiclass,KNN_multiclass,SVM_multiclass,LDA_multiclass,Ensemble_multiclass,Ensemble2_multiclass,LR_multiclass_norm,KNN_multiclass_norm,SVM_multiclass_norm,LDA_multiclass_norm,Ensemble_multiclass_norm,Ensemble2_multiclass_norm,LR_binary,KNN_binary,SVM_binary,LDA_binary,Ensemble_binary,Ensemble2_binary,LR_binary_norm,KNN_binary_norm,SVM_binary_norm,LDA_binary_norm,Ensemble_binary_norm,Ensemble2_binary_norm
Mean,0.5770700636942675,0.5742038216560509,0.6314012738853502,0.575796178343949,0.6252229299363058,0.6247770700636943,0.5751592356687898,0.5764331210191083,0.6301273885350318,0.585031847133758,0.6248407643312102,0.6245222929936305,0.6273248407643311,0.5852866242038216,0.6398089171974523,0.6312101910828024,0.6370700636942676,0.6374522292993631,0.6238853503184713,0.5823566878980893,0.648471337579618,0.6236305732484076,0.6473248407643313,0.6443312101910827
STD,0.02975279162834818,0.03352733381682204,0.031095003870240816,0.029983700117044116,0.030635817080108176,0.03115287861364772,0.036261007203796894,0.03260872799024255,0.03455089655738302,0.03394820806560118,0.03686021986300709,0.03589978659085391,0.029895554320340176,0.03556507897914485,0.032130901377325286,0.030138899781709496,0.031125323322938873,0.029734787241803267,0.03225691775027775,0.034220541762491105,0.03789348577726117,0.0323413249049003,0.03610577408095088,0.03443875477922569
Max,0.6624203821656051,0.6560509554140127,0.7133757961783439,0.6687898089171974,0.7070063694267515,0.7006369426751592,0.6751592356687898,0.643312101910828,0.7070063694267515,0.6942675159235668,0.7070063694267515,0.732484076433121,0.7006369426751592,0.6815286624203821,0.7197452229299363,0.6942675159235668,0.7133757961783439,0.7197452229299363,0.6942675159235668,0.6687898089171974,0.7452229299363057,0.7006369426751592,0.732484076433121,0.7133757961783439
Min,0.5031847133757962,0.4840764331210191,0.5668789808917197,0.49044585987261147,0.5477707006369427,0.5477707006369427,0.46496815286624205,0.4840764331210191,0.5477707006369427,0.5095541401273885,0.5031847133757962,0.5031847133757962,0.5477707006369427,0.49044585987261147,0.5605095541401274,0.554140127388535,0.554140127388535,0.5605095541401274,0.535031847133758,0.5159235668789809,0.5477707006369427,0.535031847133758,0.5414012738853503,0.5477707006369427
