,LR_multiclass_strict,KNN_multiclass_strict,SVM_multiclass_strict,LDA_multiclass_strict,Ensemble_multiclass_strict,Ensemble2_multiclass_strict,LR_multiclass_strict_norm,KNN_multiclass_strict_norm,SVM_multiclass_strict_norm,LDA_multiclass_strict_norm,Ensemble_multiclass_strict_norm,Ensemble2_multiclass_strict_norm,LR_binary_strict,KNN_binary_strict,SVM_binary_strict,LDA_binary_strict,Ensemble_binary_strict,Ensemble2_binary_strict,LR_binary_strict_norm,KNN_binary_strict_norm,SVM_binary_strict_norm,LDA_binary_strict_norm,Ensemble_binary_strict_norm,Ensemble2_binary_strict_norm
Mean,0.622420382165605,0.5822929936305733,0.6305732484076433,0.6045222929936306,0.6325477707006368,0.6338216560509553,0.6029299363057326,0.6015286624203822,0.637324840764331,0.6068789808917197,0.633248407643312,0.6354777070063694,0.6954140127388534,0.6339490445859872,0.7090445859872611,0.6736942675159238,0.6977707006369426,0.706433121019108,0.6791719745222932,0.6352229299363057,0.6983439490445861,0.6742675159235669,0.6870700636942675,0.6940127388535031
STD,0.03213980172059456,0.03236746898979321,0.032452838733393614,0.03264099727694294,0.03194500883703047,0.03168743398181398,0.03843061074541239,0.035751950372736055,0.03694069838770092,0.037499428640487525,0.0379093811791576,0.035530384339132345,0.03275619754219069,0.031661304976079996,0.03303369183330521,0.032971920654168936,0.03409131171104869,0.033920950122831,0.034308159071796546,0.03442856338439132,0.032183195039067115,0.03302312824471508,0.03450859953583486,0.03598495004134186
Max,0.6942675159235668,0.6878980891719745,0.7133757961783439,0.6942675159235668,0.7070063694267515,0.7133757961783439,0.7133757961783439,0.6815286624203821,0.732484076433121,0.7133757961783439,0.7388535031847133,0.7261146496815286,0.7707006369426752,0.7197452229299363,0.7961783439490446,0.7388535031847133,0.7834394904458599,0.802547770700637,0.7579617834394905,0.732484076433121,0.7770700636942676,0.7452229299363057,0.7643312101910829,0.7770700636942676
Min,0.5605095541401274,0.5031847133757962,0.5605095541401274,0.5414012738853503,0.5605095541401274,0.554140127388535,0.5222929936305732,0.5095541401273885,0.554140127388535,0.5095541401273885,0.5414012738853503,0.554140127388535,0.6114649681528662,0.5286624203821656,0.6305732484076433,0.5605095541401274,0.6050955414012739,0.6114649681528662,0.6050955414012739,0.5477707006369427,0.6178343949044586,0.5987261146496815,0.6114649681528662,0.6050955414012739
