,LR_multiclass,KNN_multiclass,SVM_multiclass,LDA_multiclass,Ensemble_multiclass,Ensemble2_multiclass,LR_multiclass_norm,KNN_multiclass_norm,SVM_multiclass_norm,LDA_multiclass_norm,Ensemble_multiclass_norm,Ensemble2_multiclass_norm,LR_binary,KNN_binary,SVM_binary,LDA_binary,Ensemble_binary,Ensemble2_binary,LR_binary_norm,KNN_binary_norm,SVM_binary_norm,LDA_binary_norm,Ensemble_binary_norm,Ensemble2_binary_norm
Mean,0.642912087912088,0.644065934065934,0.6342857142857143,0.6303846153846154,0.6404945054945057,0.6413186813186814,0.6318131868131868,0.6470329670329672,0.6361538461538462,0.632032967032967,0.636098901098901,0.639065934065934,0.6908791208791208,0.7091758241758241,0.7027472527472528,0.6910989010989012,0.688901098901099,0.7004395604395607,0.6929670329670333,0.7095604395604395,0.7054395604395605,0.6929670329670331,0.6892307692307693,0.7048901098901099
STD,0.030517959498469877,0.031222911215328632,0.028890024201612605,0.030943921292296613,0.029774491562142315,0.028960578913806666,0.027598557074862053,0.030573553619035305,0.026935184539251013,0.027999937464349575,0.027216998442637693,0.026981267010136603,0.03276144688324724,0.028083911304261633,0.03168286427107362,0.03269650910301046,0.03301992094669775,0.033389961157484105,0.027431617892241942,0.030124926060465823,0.02738331669261033,0.02736550582961094,0.02649149485403755,0.029211914517273965
Max,0.7032967032967034,0.7252747252747253,0.7032967032967034,0.7087912087912088,0.7032967032967034,0.7032967032967034,0.6978021978021978,0.7252747252747253,0.7087912087912088,0.6978021978021978,0.7032967032967034,0.7032967032967034,0.7802197802197802,0.7857142857142857,0.7857142857142857,0.7802197802197802,0.7802197802197802,0.8021978021978022,0.7582417582417582,0.7802197802197802,0.7747252747252747,0.7582417582417582,0.7417582417582418,0.7802197802197802
Min,0.5769230769230769,0.5879120879120879,0.5769230769230769,0.5714285714285714,0.5769230769230769,0.5769230769230769,0.5769230769230769,0.5824175824175825,0.5769230769230769,0.5769230769230769,0.5714285714285714,0.5824175824175825,0.5879120879120879,0.6373626373626373,0.5934065934065934,0.5879120879120879,0.5824175824175825,0.5989010989010989,0.6318681318681318,0.6263736263736264,0.6373626373626373,0.6318681318681318,0.6318681318681318,0.6373626373626373
