,LR_multiclass_strict,KNN_multiclass_strict,SVM_multiclass_strict,LDA_multiclass_strict,Ensemble_multiclass_strict,Ensemble2_multiclass_strict,LR_multiclass_strict_norm,KNN_multiclass_strict_norm,SVM_multiclass_strict_norm,LDA_multiclass_strict_norm,Ensemble_multiclass_strict_norm,Ensemble2_multiclass_strict_norm,LR_binary_strict,KNN_binary_strict,SVM_binary_strict,LDA_binary_strict,Ensemble_binary_strict,Ensemble2_binary_strict,LR_binary_strict_norm,KNN_binary_strict_norm,SVM_binary_strict_norm,LDA_binary_strict_norm,Ensemble_binary_strict_norm,Ensemble2_binary_strict_norm
Mean,0.5854777070063694,0.5966242038216559,0.6289808917197451,0.4974522292993631,0.6243949044585987,0.6224203821656051,0.6059235668789809,0.5984076433121018,0.6410191082802548,0.6094267515923566,0.6388535031847133,0.6405732484076434,0.696496815286624,0.6356687898089171,0.7070063694267514,0.6740127388535032,0.6989171974522292,0.7041401273885352,0.677579617834395,0.6333757961783438,0.6987898089171977,0.6729936305732486,0.6871974522292993,0.6942038216560509
STD,0.02961173829462574,0.035211525318771024,0.02958014175762298,0.037644335938311346,0.03186566339925149,0.03103525652466279,0.037026645179431786,0.033393963548715815,0.03422368328195054,0.03493187820680957,0.03182801974178085,0.03269266115989594,0.033960156401409994,0.03364359909871147,0.03371587329392625,0.038998164442594976,0.03478027796035265,0.0319028175612688,0.035116053977449366,0.034445822183675145,0.03119452355997572,0.034573961851178364,0.03460533646034866,0.03438894734918447
Max,0.6560509554140127,0.6815286624203821,0.7261146496815286,0.5923566878980892,0.7261146496815286,0.7133757961783439,0.6815286624203821,0.6751592356687898,0.7452229299363057,0.6815286624203821,0.7070063694267515,0.7133757961783439,0.7961783439490446,0.7261146496815286,0.7898089171974523,0.7515923566878981,0.7770700636942676,0.7834394904458599,0.7579617834394905,0.7197452229299363,0.7898089171974523,0.7452229299363057,0.7707006369426752,0.7707006369426752
Min,0.5031847133757962,0.47770700636942676,0.554140127388535,0.4140127388535032,0.5414012738853503,0.5414012738853503,0.535031847133758,0.5286624203821656,0.5668789808917197,0.5414012738853503,0.5668789808917197,0.554140127388535,0.5987261146496815,0.5859872611464968,0.6114649681528662,0.5796178343949044,0.6050955414012739,0.6050955414012739,0.5923566878980892,0.554140127388535,0.6369426751592356,0.5668789808917197,0.6114649681528662,0.6050955414012739
