,LR_multiclass,KNN_multiclass,SVM_multiclass,LDA_multiclass,Ensemble_multiclass,Ensemble2_multiclass,LR_binary,KNN_binary,SVM_binary,LDA_binary,Ensemble_binary,Ensemble2_binary
Mean,0.6309554140127389,0.5759872611464968,0.6309554140127389,0.5301910828025478,0.6309554140127389,0.6309554140127389,0.6284076433121019,0.6032484076433121,0.6244585987261146,0.5978980891719745,0.6274522292993631,0.6247770700636942
STD,0.03454578841803774,0.033160865301513666,0.03454578841803774,0.03411207136953438,0.03454578841803774,0.03454578841803774,0.03418454188623512,0.03668142856971201,0.03278764116184525,0.03442620656308904,0.034776078472133036,0.034466721436887136
Max,0.7452229299363057,0.6560509554140127,0.7452229299363057,0.643312101910828,0.7452229299363057,0.7452229299363057,0.7261146496815286,0.6942675159235668,0.7133757961783439,0.6751592356687898,0.7197452229299363,0.7197452229299363
Min,0.5605095541401274,0.5031847133757962,0.5605095541401274,0.445859872611465,0.5605095541401274,0.5605095541401274,0.5477707006369427,0.5095541401273885,0.5414012738853503,0.5031847133757962,0.5414012738853503,0.5414012738853503
