,LR_multiclass,KNN_multiclass,SVM_multiclass,LDA_multiclass,Ensemble_multiclass,Ensemble2_multiclass,LR_multiclass_norm,KNN_multiclass_norm,SVM_multiclass_norm,LDA_multiclass_norm,Ensemble_multiclass_norm,Ensemble2_multiclass_norm,LR_binary,KNN_binary,SVM_binary,LDA_binary,Ensemble_binary,Ensemble2_binary,LR_binary_norm,KNN_binary_norm,SVM_binary_norm,LDA_binary_norm,Ensemble_binary_norm,Ensemble2_binary_norm
Mean,0.5877707006369427,0.5978343949044586,0.6284713375796178,0.499171974522293,0.6242038216560509,0.6233757961783439,0.5422929936305732,0.5944585987261146,0.6270063694267516,0.4959235668789808,0.6171974522292993,0.619936305732484,0.6773885350318471,0.6487898089171974,0.7087261146496815,0.6171337579617835,0.689044585987261,0.7000636942675158,0.6323566878980891,0.6375796178343949,0.7049681528662419,0.6164331210191082,0.6733121019108279,0.6855414012738855
STD,0.036844587550824016,0.030199681647887236,0.03151489115703144,0.03443798905667044,0.030903208842568666,0.031095003870240816,0.03830160389020666,0.034560288865593765,0.03516846551056505,0.03769301685747968,0.03591249772996292,0.03448978420947305,0.03264447722015781,0.037030644219385234,0.031908920954494574,0.03349731124801334,0.03308891143390373,0.03219044257679271,0.03625630784867374,0.03367373219843643,0.029573351980953174,0.035550075420284634,0.03316135466507436,0.03272243014170367
Max,0.6624203821656051,0.6815286624203821,0.6942675159235668,0.5923566878980892,0.6942675159235668,0.7006369426751592,0.6496815286624203,0.6878980891719745,0.7006369426751592,0.6242038216560509,0.7006369426751592,0.7133757961783439,0.7388535031847133,0.732484076433121,0.7834394904458599,0.7261146496815286,0.7579617834394905,0.7579617834394905,0.7452229299363057,0.7388535031847133,0.7707006369426752,0.7261146496815286,0.7643312101910829,0.7834394904458599
Min,0.5095541401273885,0.5159235668789809,0.5286624203821656,0.4012738853503185,0.5605095541401274,0.5605095541401274,0.46496815286624205,0.5031847133757962,0.535031847133758,0.4140127388535032,0.5159235668789809,0.5286624203821656,0.5859872611464968,0.5414012738853503,0.6114649681528662,0.5286624203821656,0.5923566878980892,0.6050955414012739,0.554140127388535,0.5605095541401274,0.6369426751592356,0.5222929936305732,0.5987261146496815,0.6305732484076433
