,LR_multiclass,KNN_multiclass,SVM_multiclass,LDA_multiclass,Ensemble_multiclass,Ensemble2_multiclass,LR_multiclass_norm,KNN_multiclass_norm,SVM_multiclass_norm,LDA_multiclass_norm,Ensemble_multiclass_norm,Ensemble2_multiclass_norm,LR_binary,KNN_binary,SVM_binary,LDA_binary,Ensemble_binary,Ensemble2_binary,LR_binary_norm,KNN_binary_norm,SVM_binary_norm,LDA_binary_norm,Ensemble_binary_norm,Ensemble2_binary_norm
Mean,0.641868131868132,0.6473626373626375,0.6345054945054946,0.6292307692307693,0.6400549450549452,0.6410439560439563,0.6306043956043957,0.6455494505494506,0.6314285714285716,0.6306043956043956,0.6326373626373627,0.633901098901099,0.6933516483516483,0.707967032967033,0.7035714285714286,0.6935714285714286,0.6908241758241759,0.7028021978021978,0.6878021978021978,0.712967032967033,0.7067582417582418,0.687967032967033,0.6858241758241759,0.7042857142857144
STD,0.03464049324838266,0.03205119832537468,0.03314494120010708,0.03551066212763976,0.03379451426698899,0.03490680573100651,0.03156214411203967,0.028513201445715897,0.030321307972841723,0.0314951170542527,0.03139108653697324,0.03131053489577407,0.03401001259050386,0.028533099819185986,0.029387900808384385,0.034426091533713885,0.03315746282363681,0.03223636253794115,0.033034546254282066,0.027692743760738967,0.0330004866892055,0.0328137001939775,0.033134920494317086,0.036325122868101675
Max,0.7417582417582418,0.7142857142857143,0.7197802197802198,0.7307692307692307,0.7417582417582418,0.7362637362637363,0.6978021978021978,0.7087912087912088,0.6923076923076923,0.7087912087912088,0.7032967032967034,0.7032967032967034,0.7747252747252747,0.7637362637362637,0.7747252747252747,0.7747252747252747,0.7747252747252747,0.7857142857142857,0.7747252747252747,0.7802197802197802,0.7802197802197802,0.7747252747252747,0.7692307692307693,0.7912087912087912
Min,0.5714285714285714,0.5604395604395604,0.532967032967033,0.5384615384615384,0.5659340659340659,0.5659340659340659,0.554945054945055,0.5824175824175825,0.554945054945055,0.554945054945055,0.5494505494505495,0.554945054945055,0.6098901098901099,0.6153846153846154,0.6318681318681318,0.6098901098901099,0.6098901098901099,0.6318681318681318,0.6098901098901099,0.6428571428571429,0.6318681318681318,0.6098901098901099,0.6098901098901099,0.6263736263736264
