,LR_multiclass_strict,KNN_multiclass_strict,SVM_multiclass_strict,LDA_multiclass_strict,Ensemble_multiclass_strict,Ensemble2_multiclass_strict,LR_multiclass_strict_norm,KNN_multiclass_strict_norm,SVM_multiclass_strict_norm,LDA_multiclass_strict_norm,Ensemble_multiclass_strict_norm,Ensemble2_multiclass_strict_norm,LR_binary_strict,KNN_binary_strict,SVM_binary_strict,LDA_binary_strict,Ensemble_binary_strict,Ensemble2_binary_strict,LR_binary_strict_norm,KNN_binary_strict_norm,SVM_binary_strict_norm,LDA_binary_strict_norm,Ensemble_binary_strict_norm,Ensemble2_binary_strict_norm
Mean,0.6135714285714287,0.5575,0.5705357142857141,0.4347321428571428,0.5910714285714286,0.5851785714285714,0.5811607142857143,0.5690178571428571,0.6164285714285714,0.5752678571428571,0.6110714285714285,0.6144642857142857,0.7387500000000001,0.610625,0.6352678571428572,0.7074107142857144,0.6953571428571429,0.6900000000000002,0.7154464285714284,0.6783928571428572,0.746875,0.7046428571428572,0.7239285714285714,0.7275000000000001
STD,0.03961066904308505,0.04076594467074152,0.038330514167260146,0.0461131974280771,0.04238956239453293,0.038515584574325766,0.042127248168677085,0.03926247283296333,0.04103103603819123,0.04383655795994378,0.043048679137811,0.04362006945413628,0.039661755469706274,0.0416859117969961,0.05452097459618975,0.041933024069974505,0.04733456690928729,0.04524733614889863,0.040792042760212685,0.03885683101240413,0.03384329037743564,0.04170092129359606,0.038313456100531405,0.033203723358954176
Max,0.7142857142857143,0.6785714285714286,0.6785714285714286,0.5267857142857143,0.7321428571428571,0.6785714285714286,0.6875,0.6875,0.7053571428571429,0.6785714285714286,0.7142857142857143,0.7321428571428571,0.8303571428571429,0.7232142857142857,0.75,0.8303571428571429,0.8125,0.8035714285714286,0.8392857142857143,0.7857142857142857,0.8482142857142857,0.8035714285714286,0.8214285714285714,0.8214285714285714
Min,0.5267857142857143,0.42857142857142855,0.44642857142857145,0.3125,0.45535714285714285,0.4732142857142857,0.4642857142857143,0.4732142857142857,0.5267857142857143,0.4375,0.5,0.5089285714285714,0.6428571428571429,0.5178571428571429,0.44642857142857145,0.5982142857142857,0.5267857142857143,0.5625,0.625,0.5892857142857143,0.6696428571428571,0.6071428571428571,0.6428571428571429,0.6517857142857143
