,LR_multiclass,KNN_multiclass,SVM_multiclass,LDA_multiclass,LR_multiclass_norm,KNN_multiclass_norm,SVM_multiclass_norm,LDA_multiclass_norm,LR_binary,KNN_binary,SVM_binary,LDA_binary,LR_binary_norm,KNN_binary_norm,SVM_binary_norm,LDA_binary_norm
Mean,0.6214649681528662,0.5719745222929936,0.6214012738853504,0.6012101910828025,0.6046496815286624,0.5814012738853503,0.6279617834394903,0.6054140127388534,0.6329936305732484,0.6247133757961784,0.6323566878980891,0.6345859872611463,0.6291082802547769,0.6245222929936306,0.6279617834394904,0.629936305732484
STD,0.035363284475857765,0.034723600434239506,0.03530662359504714,0.03599594055754307,0.030310106965884126,0.03296238345249144,0.03034809610834115,0.030365202437790447,0.03426230633096731,0.036818151652784376,0.034829525778540975,0.034142206895504026,0.034663436292015404,0.03472798150044568,0.032403985191928386,0.03306585312717811
Max,0.7070063694267515,0.6496815286624203,0.7070063694267515,0.6878980891719745,0.6687898089171974,0.6560509554140127,0.7197452229299363,0.6687898089171974,0.7197452229299363,0.7197452229299363,0.7261146496815286,0.7070063694267515,0.7133757961783439,0.7070063694267515,0.6878980891719745,0.7133757961783439
Min,0.5286624203821656,0.46496815286624205,0.5286624203821656,0.49044585987261147,0.5095541401273885,0.4840764331210191,0.554140127388535,0.5286624203821656,0.554140127388535,0.5222929936305732,0.5477707006369427,0.5414012738853503,0.5477707006369427,0.5414012738853503,0.5414012738853503,0.5477707006369427
