,Binary,Binary Normalized,Multiclass,Multiclass Normalized
LR,0.6923076923076923,0.6923076923076923,0.6263736263736264,0.6153846153846154
KNN,0.6868131868131868,0.7032967032967034,0.6593406593406593,0.6593406593406593
SVM,0.6978021978021978,0.7032967032967034,0.6263736263736264,0.6263736263736264
LDA,0.6923076923076923,0.6923076923076923,0.6153846153846154,0.6153846153846154
Ensemble,0.6923076923076923,0.6923076923076923,0.6263736263736264,0.6208791208791209
Ensemble Less,0.6923076923076923,0.6923076923076923,0.6263736263736264,0.6208791208791209
