,LR_multiclass,KNN_multiclass,SVM_multiclass,LDA_multiclass,Ensemble_multiclass,Ensemble2_multiclass,LR_multiclass_norm,KNN_multiclass_norm,SVM_multiclass_norm,LDA_multiclass_norm,Ensemble_multiclass_norm,Ensemble2_multiclass_norm,LR_binary,KNN_binary,SVM_binary,LDA_binary,Ensemble_binary,Ensemble2_binary,LR_binary_norm,KNN_binary_norm,SVM_binary_norm,LDA_binary_norm,Ensemble_binary_norm,Ensemble2_binary_norm
Mean,0.6385164835164836,0.6397252747252747,0.642032967032967,0.6670879120879121,0.6427472527472528,0.6422527472527473,0.6698901098901101,0.6557692307692311,0.6662637362637364,0.6727472527472527,0.677802197802198,0.675879120879121,0.7159890109890111,0.7087912087912089,0.660824175824176,0.717747252747253,0.7258241758241759,0.7254395604395605,0.7163736263736264,0.7267582417582418,0.7368681318681317,0.7188461538461539,0.738021978021978,0.7360439560439558
STD,0.030595022930019106,0.03501215997986616,0.030058259656106482,0.030622639421898752,0.03077884465191162,0.030393059653672606,0.030331262898146825,0.030713990837798945,0.032696878431981075,0.03128801274573226,0.03061697021051222,0.030069506487204137,0.02570929556163627,0.027505474748975443,0.03280044908549454,0.02500639937417358,0.026595903978639437,0.02688891081722355,0.030500989311687373,0.02542780921478669,0.027350222259609556,0.03132403077506312,0.026440848397009293,0.02759226653108047
Max,0.7142857142857143,0.7087912087912088,0.7087912087912088,0.7582417582417582,0.7142857142857143,0.7142857142857143,0.7362637362637363,0.7252747252747253,0.7307692307692307,0.7362637362637363,0.7417582417582418,0.7307692307692307,0.7747252747252747,0.7912087912087912,0.7417582417582418,0.7747252747252747,0.7912087912087912,0.7857142857142857,0.7747252747252747,0.8241758241758241,0.8186813186813187,0.7802197802197802,0.8021978021978022,0.8021978021978022
Min,0.532967032967033,0.5439560439560439,0.5384615384615384,0.5824175824175825,0.5384615384615384,0.5384615384615384,0.5934065934065934,0.5934065934065934,0.5824175824175825,0.5934065934065934,0.5989010989010989,0.6043956043956044,0.6483516483516484,0.6373626373626373,0.554945054945055,0.6483516483516484,0.6593406593406593,0.6593406593406593,0.6098901098901099,0.6813186813186813,0.6758241758241759,0.5989010989010989,0.6703296703296703,0.6593406593406593
