,LR_multiclass,KNN_multiclass,SVM_multiclass,LDA_multiclass,Ensemble_multiclass,Ensemble2_multiclass,LR_multiclass_norm,KNN_multiclass_norm,SVM_multiclass_norm,LDA_multiclass_norm,Ensemble_multiclass_norm,Ensemble2_multiclass_norm,LR_binary,KNN_binary,SVM_binary,LDA_binary,Ensemble_binary,Ensemble2_binary,LR_binary_norm,KNN_binary_norm,SVM_binary_norm,LDA_binary_norm,Ensemble_binary_norm,Ensemble2_binary_norm
Mean,0.6301910828025477,0.6422929936305732,0.6304458598726115,0.6105732484076433,0.6304458598726115,0.6304458598726115,0.615923566878981,0.6261783439490446,0.6238853503184713,0.6054777070063695,0.6231847133757963,0.6277070063694267,0.6894267515923567,0.7060509554140126,0.6480254777070065,0.7081528662420382,0.6816560509554139,0.6802547770700638,0.7007006369426751,0.6706369426751592,0.6954777070063694,0.7040127388535034,0.6995541401273884,0.7017834394904456
STD,0.0343455649887275,0.03213525717245308,0.03431200200042443,0.03444228866272541,0.03431200200042443,0.03431200200042443,0.03402132576069717,0.03416643866806832,0.03269415025274268,0.03589351410409069,0.03420233898267895,0.03278089694241237,0.034147731827294796,0.030776592880259093,0.037146592924482275,0.03451712185399022,0.033389164435120626,0.03397956348623985,0.034962235411741115,0.03259373273883279,0.03779700698290268,0.03513539993299435,0.036289581836222155,0.03533028639969778
Max,0.7197452229299363,0.7070063694267515,0.7197452229299363,0.7070063694267515,0.7197452229299363,0.7197452229299363,0.7133757961783439,0.7006369426751592,0.7261146496815286,0.7261146496815286,0.7261146496815286,0.7261146496815286,0.7898089171974523,0.7770700636942676,0.7515923566878981,0.7834394904458599,0.7515923566878981,0.7643312101910829,0.7834394904458599,0.7579617834394905,0.7961783439490446,0.7834394904458599,0.7898089171974523,0.7898089171974523
Min,0.5159235668789809,0.5477707006369427,0.5159235668789809,0.5222929936305732,0.5159235668789809,0.5159235668789809,0.535031847133758,0.5286624203821656,0.5414012738853503,0.5286624203821656,0.5222929936305732,0.5477707006369427,0.6114649681528662,0.6178343949044586,0.5605095541401274,0.6369426751592356,0.5987261146496815,0.6050955414012739,0.6178343949044586,0.5923566878980892,0.6178343949044586,0.6242038216560509,0.6305732484076433,0.6305732484076433
