,LR_multiclass_strict,KNN_multiclass_strict,SVM_multiclass_strict,LDA_multiclass_strict,Ensemble_multiclass_strict,Ensemble2_multiclass_strict,LR_multiclass_strict_norm,KNN_multiclass_strict_norm,SVM_multiclass_strict_norm,LDA_multiclass_strict_norm,Ensemble_multiclass_strict_norm,Ensemble2_multiclass_strict_norm,LR_binary_strict,KNN_binary_strict,SVM_binary_strict,LDA_binary_strict,Ensemble_binary_strict,Ensemble2_binary_strict,LR_binary_strict_norm,KNN_binary_strict_norm,SVM_binary_strict_norm,LDA_binary_strict_norm,Ensemble_binary_strict_norm,Ensemble2_binary_strict_norm
Mean,0.6271337579617833,0.5909554140127389,0.6371337579617833,0.6096178343949045,0.6401910828025479,0.6407006369426752,0.6009554140127389,0.5994904458598725,0.6413375796178343,0.607515923566879,0.6361146496815286,0.6394904458598725,0.7025477707006371,0.6290445859872611,0.7098726114649684,0.6789808917197451,0.7049044585987261,0.7101273885350318,0.6787898089171972,0.6366878980891719,0.7000636942675158,0.6738216560509553,0.6895541401273887,0.696624203821656
STD,0.032042964787246005,0.0342717777284947,0.035979707228164466,0.03411415258672287,0.03622737101482057,0.033825134466732916,0.03608014617978844,0.03665913593021507,0.03591470053659717,0.035847821848633006,0.032273012323535404,0.033059717891365546,0.030165809519018143,0.03275297720082665,0.03097369123079109,0.032113535454663764,0.0305474280564922,0.0301388324772579,0.03486648871591014,0.03561096313444631,0.028797910477253327,0.03339299163204056,0.03152216364857059,0.028193690318937568
Max,0.7006369426751592,0.6560509554140127,0.7197452229299363,0.6878980891719745,0.7133757961783439,0.7197452229299363,0.6878980891719745,0.6751592356687898,0.732484076433121,0.6878980891719745,0.7006369426751592,0.7133757961783439,0.7643312101910829,0.6942675159235668,0.7834394904458599,0.7388535031847133,0.7770700636942676,0.7707006369426752,0.7515923566878981,0.7070063694267515,0.7579617834394905,0.7515923566878981,0.7579617834394905,0.7579617834394905
Min,0.554140127388535,0.5159235668789809,0.5477707006369427,0.535031847133758,0.5668789808917197,0.554140127388535,0.5222929936305732,0.5159235668789809,0.5732484076433121,0.5159235668789809,0.5605095541401274,0.5668789808917197,0.6369426751592356,0.5414012738853503,0.6369426751592356,0.5796178343949044,0.6369426751592356,0.6242038216560509,0.6050955414012739,0.5668789808917197,0.6242038216560509,0.5987261146496815,0.6114649681528662,0.6305732484076433
