,LR_multiclass_strict,KNN_multiclass_strict,SVM_multiclass_strict,LDA_multiclass_strict,Ensemble_multiclass_strict,Ensemble2_multiclass_strict,LR_multiclass_strict_norm,KNN_multiclass_strict_norm,SVM_multiclass_strict_norm,LDA_multiclass_strict_norm,Ensemble_multiclass_strict_norm,Ensemble2_multiclass_strict_norm,LR_binary_strict,KNN_binary_strict,SVM_binary_strict,LDA_binary_strict,Ensemble_binary_strict,Ensemble2_binary_strict,LR_binary_strict_norm,KNN_binary_strict_norm,SVM_binary_strict_norm,LDA_binary_strict_norm,Ensemble_binary_strict_norm,Ensemble2_binary_strict_norm
Mean,0.6080357142857142,0.5504464285714286,0.5634821428571428,0.42955357142857137,0.5798214285714285,0.576875,0.5708035714285714,0.5615178571428572,0.6086607142857143,0.5652678571428572,0.6047321428571429,0.6077678571428571,0.734732142857143,0.6098214285714286,0.6452678571428572,0.6980357142857144,0.6980357142857144,0.69,0.7117857142857144,0.6726785714285712,0.7513392857142855,0.7015178571428574,0.7244642857142858,0.7311607142857143
STD,0.04316297130454221,0.04220816292919112,0.038566777993448174,0.04456949329017391,0.043719377037778444,0.046237501758610945,0.04432484949961213,0.03956666987245601,0.04011016001245183,0.0441886717579822,0.041493464416528465,0.040054471042696396,0.040921601718956424,0.03987984184665589,0.04474728856795318,0.04092325757077608,0.0447388254204332,0.045563366953763035,0.03378918737811653,0.044789402331628515,0.03293602235968318,0.03433160526246856,0.03469574387237061,0.036023106777994245
Max,0.6964285714285714,0.6428571428571429,0.6517857142857143,0.5357142857142857,0.6875,0.6964285714285714,0.6696428571428571,0.6517857142857143,0.6964285714285714,0.6607142857142857,0.7142857142857143,0.6964285714285714,0.8482142857142857,0.6964285714285714,0.75,0.7946428571428571,0.7946428571428571,0.7946428571428571,0.7767857142857143,0.7857142857142857,0.8125,0.7857142857142857,0.7946428571428571,0.8125
Min,0.5178571428571429,0.42857142857142855,0.44642857142857145,0.33035714285714285,0.45535714285714285,0.4375,0.4642857142857143,0.45535714285714285,0.5089285714285714,0.44642857142857145,0.5178571428571429,0.5267857142857143,0.6160714285714286,0.48214285714285715,0.48214285714285715,0.5714285714285714,0.5714285714285714,0.5625,0.6428571428571429,0.5625,0.6607142857142857,0.625,0.6428571428571429,0.6160714285714286
