,LR_multiclass,KNN_multiclass,SVM_multiclass,LDA_multiclass,LR_multiclass_norm,KNN_multiclass_norm,SVM_multiclass_norm,LDA_multiclass_norm,LR_binary,KNN_binary,SVM_binary,LDA_binary,LR_binary_norm,KNN_binary_norm,SVM_binary_norm,LDA_binary_norm
Mean,0.5893630573248407,0.6036942675159236,0.6298089171974521,0.49732484076433126,0.5371974522292993,0.5944585987261146,0.6222292993630574,0.4922929936305732,0.6803184713375796,0.6451592356687896,0.714203821656051,0.6205732484076433,0.6301273885350318,0.6422929936305732,0.7070700636942675,0.615668789808917
STD,0.030272606211611174,0.03171411711766102,0.03215494557561226,0.036173409549564224,0.04036649015614896,0.033121692790796846,0.03384431929883017,0.038441957398186684,0.03144581536271102,0.03589888251622081,0.03256085593348652,0.03782447488385477,0.03559198965747774,0.03892881913893756,0.031014530325674187,0.03809130215801646
Max,0.6624203821656051,0.6815286624203821,0.7070063694267515,0.5923566878980892,0.6305732484076433,0.6687898089171974,0.6942675159235668,0.5796178343949044,0.7770700636942676,0.7452229299363057,0.7834394904458599,0.7261146496815286,0.7452229299363057,0.7579617834394905,0.7834394904458599,0.6878980891719745
Min,0.5095541401273885,0.5222929936305732,0.5605095541401274,0.4012738853503185,0.42038216560509556,0.5222929936305732,0.5095541401273885,0.40764331210191085,0.5987261146496815,0.535031847133758,0.6369426751592356,0.5031847133757962,0.5414012738853503,0.5477707006369427,0.643312101910828,0.535031847133758
