,LR_multiclass,KNN_multiclass,SVM_multiclass,LDA_multiclass,Ensemble_multiclass,Ensemble2_multiclass,LR_multiclass_norm,KNN_multiclass_norm,SVM_multiclass_norm,LDA_multiclass_norm,Ensemble_multiclass_norm,Ensemble2_multiclass_norm,LR_binary,KNN_binary,SVM_binary,LDA_binary,Ensemble_binary,Ensemble2_binary,LR_binary_norm,KNN_binary_norm,SVM_binary_norm,LDA_binary_norm,Ensemble_binary_norm,Ensemble2_binary_norm
Mean_train,0.5788535031847135,0.5994904458598725,0.6226114649681529,0.3792356687898089,0.617515923566879,0.6237579617834395,0.5656687898089172,0.6056687898089173,0.6284076433121019,0.3912101910828026,0.6255414012738852,0.6271337579617834,0.6664968152866241,0.6356687898089171,0.6981528662420381,0.5410828025477707,0.6807006369426751,0.6886624203821657,0.6362420382165604,0.629235668789809,0.6970700636942675,0.5429936305732483,0.6706369426751593,0.6827388535031845
STD_train,0.03516800407600761,0.037771076570883466,0.03547919355597542,0.03806146874009531,0.03579793499327793,0.035202306767030914,0.0327477124993815,0.033968756600839825,0.03388654755798844,0.041544875894040656,0.03215513482866663,0.032632606602475904,0.03477637011964485,0.03841772955414068,0.03071748090929854,0.03615877060901059,0.032385951459251126,0.030041555056693554,0.030452188666096884,0.037631347317698724,0.03182572528841212,0.037664537540361955,0.030616940648066835,0.02914240706686213
Max_train,0.6560509554140127,0.6942675159235668,0.732484076433121,0.4713375796178344,0.7261146496815286,0.7197452229299363,0.6624203821656051,0.6878980891719745,0.7070063694267515,0.4840764331210191,0.7006369426751592,0.7133757961783439,0.7515923566878981,0.732484076433121,0.7834394904458599,0.6242038216560509,0.7643312101910829,0.7579617834394905,0.7133757961783439,0.7261146496815286,0.7898089171974523,0.6369426751592356,0.7515923566878981,0.7643312101910829
Min_train,0.49044585987261147,0.5222929936305732,0.535031847133758,0.2484076433121019,0.5477707006369427,0.5414012738853503,0.46496815286624205,0.535031847133758,0.554140127388535,0.27388535031847133,0.5477707006369427,0.5605095541401274,0.5668789808917197,0.5031847133757962,0.6050955414012739,0.4713375796178344,0.5987261146496815,0.6178343949044586,0.5732484076433121,0.5414012738853503,0.6305732484076433,0.45222929936305734,0.5732484076433121,0.6242038216560509
