,LR_multiclass,KNN_multiclass,SVM_multiclass,LDA_multiclass,Ensemble_multiclass,Ensemble2_multiclass,LR_multiclass_norm,KNN_multiclass_norm,SVM_multiclass_norm,LDA_multiclass_norm,Ensemble_multiclass_norm,Ensemble2_multiclass_norm,LR_binary,KNN_binary,SVM_binary,LDA_binary,Ensemble_binary,Ensemble2_binary,LR_binary_norm,KNN_binary_norm,SVM_binary_norm,LDA_binary_norm,Ensemble_binary_norm,Ensemble2_binary_norm
Mean,0.587515923566879,0.6029936305732483,0.6264968152866242,0.4978343949044586,0.6244585987261145,0.6239490445859872,0.5447133757961783,0.6013375796178344,0.6294904458598726,0.4991719745222929,0.6228662420382165,0.623248407643312,0.6750955414012739,0.6408917197452229,0.7131210191082801,0.6097452229299363,0.6862420382165604,0.6982802547770699,0.6400636942675159,0.6423566878980891,0.7121019108280257,0.6231847133757962,0.6816560509554143,0.6955414012738855
STD,0.030535007931880014,0.033084926439381566,0.03367397315451315,0.037679022151490424,0.032276343400390484,0.03332762605473965,0.034388770389559405,0.031425166295774916,0.031178392744410515,0.037114196593575385,0.03388744545986801,0.03463439855912433,0.031827956009198535,0.03283536791110216,0.03062522121734873,0.037895198733643755,0.03043519787726688,0.028819878890911164,0.03760114896522728,0.03247002318719699,0.029090922921450293,0.03739802828729982,0.034851650041992546,0.03373993028827778
Max,0.6560509554140127,0.6815286624203821,0.7197452229299363,0.5859872611464968,0.6878980891719745,0.7006369426751592,0.6496815286624203,0.6751592356687898,0.7070063694267515,0.5923566878980892,0.732484076433121,0.7261146496815286,0.7452229299363057,0.7070063694267515,0.7898089171974523,0.6942675159235668,0.7579617834394905,0.7770700636942676,0.7197452229299363,0.7133757961783439,0.7834394904458599,0.7070063694267515,0.7515923566878981,0.7707006369426752
Min,0.5095541401273885,0.4968152866242038,0.554140127388535,0.3821656050955414,0.5414012738853503,0.5414012738853503,0.4585987261146497,0.5286624203821656,0.5605095541401274,0.4140127388535032,0.5286624203821656,0.5286624203821656,0.5923566878980892,0.5286624203821656,0.6369426751592356,0.5095541401273885,0.6178343949044586,0.6369426751592356,0.5222929936305732,0.5732484076433121,0.6496815286624203,0.5031847133757962,0.5859872611464968,0.6178343949044586
