,LR_multiclass,KNN_multiclass,SVM_multiclass,LDA_multiclass,Ensemble_multiclass,Ensemble2_multiclass,LR_multiclass_norm,KNN_multiclass_norm,SVM_multiclass_norm,LDA_multiclass_norm,Ensemble_multiclass_norm,Ensemble2_multiclass_norm,LR_binary,KNN_binary,SVM_binary,LDA_binary,Ensemble_binary,Ensemble2_binary,LR_binary_norm,KNN_binary_norm,SVM_binary_norm,LDA_binary_norm,Ensemble_binary_norm,Ensemble2_binary_norm
Mean,0.6295541401273885,0.5828025477707005,0.6295541401273885,0.6101910828025477,0.6295541401273885,0.6295541401273885,0.6124840764331211,0.5866878980891719,0.6315923566878981,0.6135668789808917,0.6312738853503185,0.6308917197452228,0.6250955414012739,0.6346496815286623,0.6245222929936306,0.6271974522292993,0.6250318471337579,0.6233121019108281,0.6327388535031847,0.6222929936305732,0.6329299363057325,0.6320382165605095,0.6380254777070062,0.6355414012738853
STD,0.030542978645929444,0.03705780435105441,0.030542978645929444,0.03358325178716959,0.030542978645929444,0.030542978645929444,0.037657481679033586,0.03515202316864852,0.036586466295676946,0.0379722017935631,0.03584912329980694,0.035467756955289545,0.031898302842124346,0.03883282314843506,0.03263204714746723,0.03379345568247445,0.03249849811001844,0.032315285211844444,0.03327036393418375,0.03456551223239524,0.033915687296304654,0.03467513817583845,0.0344662506073733,0.033408599623212715
Max,0.7133757961783439,0.6687898089171974,0.7133757961783439,0.6942675159235668,0.7133757961783439,0.7133757961783439,0.7070063694267515,0.6878980891719745,0.7388535031847133,0.7133757961783439,0.732484076433121,0.7388535031847133,0.7006369426751592,0.7261146496815286,0.6942675159235668,0.7133757961783439,0.6942675159235668,0.6878980891719745,0.7133757961783439,0.7006369426751592,0.7070063694267515,0.7197452229299363,0.7133757961783439,0.7070063694267515
Min,0.5477707006369427,0.4968152866242038,0.5477707006369427,0.5286624203821656,0.5477707006369427,0.5477707006369427,0.5095541401273885,0.5095541401273885,0.535031847133758,0.5095541401273885,0.5414012738853503,0.5414012738853503,0.5414012738853503,0.5222929936305732,0.5414012738853503,0.5286624203821656,0.535031847133758,0.5414012738853503,0.554140127388535,0.5286624203821656,0.5222929936305732,0.5286624203821656,0.5414012738853503,0.5414012738853503
