,LR_multiclass,KNN_multiclass,SVM_multiclass,LDA_multiclass,Ensemble_multiclass,Ensemble2_multiclass,LR_multiclass_norm,KNN_multiclass_norm,SVM_multiclass_norm,LDA_multiclass_norm,Ensemble_multiclass_norm,Ensemble2_multiclass_norm,LR_binary,KNN_binary,SVM_binary,LDA_binary,Ensemble_binary,Ensemble2_binary,LR_binary_norm,KNN_binary_norm,SVM_binary_norm,LDA_binary_norm,Ensemble_binary_norm,Ensemble2_binary_norm
Mean,0.6436263736263738,0.6465384615384617,0.6340109890109891,0.6305494505494506,0.6403846153846154,0.6415384615384616,0.631868131868132,0.6430219780219781,0.6366483516483517,0.6318681318681318,0.6368131868131869,0.6396703296703297,0.6958791208791211,0.7056593406593409,0.7025274725274727,0.6965384615384616,0.6924175824175824,0.701978021978022,0.6887912087912089,0.7109890109890111,0.7043956043956046,0.6890659340659343,0.6857692307692309,0.7013736263736264
STD,0.029537962777055518,0.030135296492229114,0.027493343761965754,0.02903387375779208,0.02812816553587305,0.029282363785825084,0.02917784186231155,0.030783503361662492,0.028599468489373236,0.029649972666444046,0.028964956819993847,0.03010648091712779,0.029490449844810262,0.029045673156094857,0.027778733094173915,0.029279631555999226,0.029115487786233473,0.02701956247666462,0.029286487423561634,0.029639788921453133,0.03500133694205052,0.029147769048874166,0.029164336224687844,0.03462301503201326
Max,0.7032967032967034,0.7087912087912088,0.6868131868131868,0.6868131868131868,0.6978021978021978,0.7197802197802198,0.6923076923076923,0.7307692307692307,0.6978021978021978,0.6923076923076923,0.6978021978021978,0.7032967032967034,0.7802197802197802,0.7637362637362637,0.7637362637362637,0.7802197802197802,0.7802197802197802,0.7637362637362637,0.7747252747252747,0.7857142857142857,0.7967032967032966,0.7747252747252747,0.7747252747252747,0.7967032967032966
Min,0.5659340659340659,0.5714285714285714,0.5604395604395604,0.554945054945055,0.5659340659340659,0.5604395604395604,0.5494505494505495,0.5714285714285714,0.5659340659340659,0.5494505494505495,0.5604395604395604,0.5604395604395604,0.6373626373626373,0.6208791208791209,0.6208791208791209,0.6373626373626373,0.6373626373626373,0.6263736263736264,0.6153846153846154,0.6318681318681318,0.6263736263736264,0.6153846153846154,0.6208791208791209,0.6208791208791209
