,LR_multiclass,KNN_multiclass,SVM_multiclass,LDA_multiclass,LR_multiclass_norm,KNN_multiclass_norm,SVM_multiclass_norm,LDA_multiclass_norm,LR_binary,KNN_binary,SVM_binary,LDA_binary,LR_binary_norm,KNN_binary_norm,SVM_binary_norm,LDA_binary_norm
Mean,0.5899363057324841,0.6037579617834394,0.6305732484076433,0.4992356687898089,0.5419745222929936,0.5985350318471337,0.630764331210191,0.4924203821656051,0.6790445859872611,0.6472611464968152,0.715796178343949,0.6148407643312102,0.6284076433121019,0.6486624203821656,0.7131210191082802,0.6171337579617835
STD,0.03180608819929671,0.03151798056198762,0.03320665069487152,0.03684128410095761,0.0382069520829928,0.034008862108797014,0.036782598495914434,0.03820270449451134,0.030928076314235383,0.03338673424111661,0.03625295079348632,0.03302847187748853,0.03087983223900498,0.03637517105238164,0.03215040316809654,0.03648847738819485
Max,0.6815286624203821,0.6942675159235668,0.7261146496815286,0.5987261146496815,0.6242038216560509,0.7133757961783439,0.7133757961783439,0.5987261146496815,0.7452229299363057,0.732484076433121,0.7961783439490446,0.6815286624203821,0.6942675159235668,0.7388535031847133,0.8152866242038217,0.6942675159235668
Min,0.5031847133757962,0.5286624203821656,0.535031847133758,0.4012738853503185,0.42038216560509556,0.5222929936305732,0.5159235668789809,0.4012738853503185,0.5859872611464968,0.5796178343949044,0.6369426751592356,0.5286624203821656,0.5286624203821656,0.554140127388535,0.6114649681528662,0.5159235668789809
