,LR_multiclass,KNN_multiclass,SVM_multiclass,LDA_multiclass,Ensemble_multiclass,Ensemble2_multiclass,LR_binary,KNN_binary,SVM_binary,LDA_binary,Ensemble_binary,Ensemble2_binary
Mean,0.544,0.495,0.5455,0.42100000000000004,0.5389999999999999,0.5389999999999999,0.4735000000000001,0.4495,0.5365000000000001,0.502,0.48950000000000005,0.486
STD,0.0938829057922687,0.09287087810503356,0.09876613792186065,0.10103959619871807,0.0926228913390205,0.09208148565265441,0.1049892851675827,0.09656474511953107,0.08656067236337758,0.0935200513259055,0.08009213444527497,0.0874871419123976
Max,0.8,0.8,0.8,0.65,0.75,0.75,0.65,0.7,0.75,0.75,0.7,0.65
Min,0.3,0.3,0.3,0.2,0.3,0.3,0.2,0.2,0.3,0.3,0.3,0.25
