,LR_multiclass,KNN_multiclass,SVM_multiclass,LDA_multiclass,LR_binary,KNN_binary,SVM_binary,LDA_binary
Mean,0.5455000000000001,0.511,0.546,0.4175,0.47650000000000003,0.4665000000000001,0.5465,0.508
STD,0.09383362936602206,0.09016096716428902,0.09738583059151881,0.09756408150543928,0.10546444898637644,0.09619121581516682,0.09931137900563057,0.09931137900563057
Max,0.8,0.75,0.8,0.65,0.7,0.75,0.8,0.8
Min,0.35,0.35,0.35,0.2,0.25,0.3,0.3,0.3
