,LR_multiclass,KNN_multiclass,SVM_multiclass,LDA_multiclass,Ensemble_multiclass,Ensemble2_multiclass,LR_multiclass_norm,KNN_multiclass_norm,SVM_multiclass_norm,LDA_multiclass_norm,Ensemble_multiclass_norm,Ensemble2_multiclass_norm,LR_binary,KNN_binary,SVM_binary,LDA_binary,Ensemble_binary,Ensemble2_binary,LR_binary_norm,KNN_binary_norm,SVM_binary_norm,LDA_binary_norm,Ensemble_binary_norm,Ensemble2_binary_norm
Mean,0.5885350318471336,0.5985350318471336,0.6298726114649681,0.4960509554140128,0.6242675159235668,0.6249681528662421,0.5454140127388536,0.6003184713375795,0.631656050955414,0.49796178343949044,0.6242675159235669,0.625668789808917,0.6748407643312102,0.6414012738853504,0.7112738853503184,0.614140127388535,0.6864968152866241,0.6973248407643312,0.6343949044585987,0.6378343949044585,0.7116560509554138,0.614076433121019,0.6773885350318471,0.6922292993630573
STD,0.0348984140937649,0.03307756826511832,0.03591695968511295,0.0357855232685719,0.03335895670876821,0.032655722357432346,0.03540226859293381,0.03561614632012992,0.03687733074424446,0.04120364393399065,0.03581062564042934,0.03864783195739048,0.03456404507425319,0.034612428456544005,0.033390075712271775,0.03810152538099324,0.03473037624966922,0.03335877428531105,0.030346826113558198,0.0354293601899771,0.029047030291604877,0.033644744649787325,0.03040525768541732,0.029463401226713835
Max,0.6815286624203821,0.6878980891719745,0.7197452229299363,0.5987261146496815,0.7070063694267515,0.7006369426751592,0.6305732484076433,0.6815286624203821,0.7452229299363057,0.5987261146496815,0.7197452229299363,0.7261146496815286,0.7579617834394905,0.7388535031847133,0.7770700636942676,0.7133757961783439,0.7643312101910829,0.7834394904458599,0.7006369426751592,0.7197452229299363,0.7770700636942676,0.7261146496815286,0.7579617834394905,0.7579617834394905
Min,0.5095541401273885,0.5095541401273885,0.554140127388535,0.42038216560509556,0.554140127388535,0.554140127388535,0.45222929936305734,0.5031847133757962,0.5414012738853503,0.39490445859872614,0.5477707006369427,0.5477707006369427,0.5923566878980892,0.5668789808917197,0.6242038216560509,0.4968152866242038,0.6114649681528662,0.6305732484076433,0.5477707006369427,0.5222929936305732,0.6369426751592356,0.5222929936305732,0.5732484076433121,0.5859872611464968
