,LR_multiclass,KNN_multiclass,SVM_multiclass,LDA_multiclass,Ensemble_multiclass,Ensemble2_multiclass,LR_multiclass_norm,KNN_multiclass_norm,SVM_multiclass_norm,LDA_multiclass_norm,Ensemble_multiclass_norm,Ensemble2_multiclass_norm,LR_binary,KNN_binary,SVM_binary,LDA_binary,Ensemble_binary,Ensemble2_binary,LR_binary_norm,KNN_binary_norm,SVM_binary_norm,LDA_binary_norm,Ensemble_binary_norm,Ensemble2_binary_norm
Mean,0.5962420382165604,0.6040764331210191,0.6305095541401274,0.49560509554140125,0.6278343949044586,0.6280254777070063,0.5420382165605095,0.5947133757961783,0.6287261146496814,0.500828025477707,0.6194267515923567,0.6215286624203821,0.6745859872611465,0.645859872611465,0.7103184713375795,0.6203184713375797,0.6883439490445861,0.6991719745222931,0.6292356687898089,0.6429936305732484,0.7064968152866241,0.6125477707006369,0.675796178343949,0.68828025477707
STD,0.035735776498293424,0.03420233898267895,0.03269563927777005,0.03899103777037497,0.03103754405782822,0.03129456941793183,0.034341784883333934,0.03203327765809153,0.03250648658729999,0.037266916641799805,0.03345465231036411,0.034302541709366495,0.0341593134605066,0.033071987224833545,0.034353360142454846,0.033930516806996755,0.03265541177028909,0.03393003853685072,0.03873632743310321,0.028801854759718203,0.031779290795444115,0.039119430348929916,0.03528570441901794,0.031844840681777495
Max,0.7006369426751592,0.7006369426751592,0.7388535031847133,0.5796178343949044,0.7070063694267515,0.7133757961783439,0.6114649681528662,0.6560509554140127,0.7006369426751592,0.5732484076433121,0.6815286624203821,0.6878980891719745,0.7515923566878981,0.7452229299363057,0.7898089171974523,0.7197452229299363,0.7515923566878981,0.7770700636942676,0.7133757961783439,0.7133757961783439,0.7961783439490446,0.6942675159235668,0.7707006369426752,0.7770700636942676
Min,0.5031847133757962,0.49044585987261147,0.5605095541401274,0.40764331210191085,0.5477707006369427,0.554140127388535,0.46496815286624205,0.5031847133757962,0.5477707006369427,0.4140127388535032,0.5159235668789809,0.5286624203821656,0.5987261146496815,0.554140127388535,0.6369426751592356,0.535031847133758,0.6050955414012739,0.6114649681528662,0.5159235668789809,0.5732484076433121,0.6496815286624203,0.5095541401273885,0.5987261146496815,0.6305732484076433
