,LR_multiclass,KNN_multiclass,SVM_multiclass,LDA_multiclass,Ensemble_multiclass,Ensemble2_multiclass,LR_multiclass_norm,KNN_multiclass_norm,SVM_multiclass_norm,LDA_multiclass_norm,Ensemble_multiclass_norm,Ensemble2_multiclass_norm,LR_binary,KNN_binary,SVM_binary,LDA_binary,Ensemble_binary,Ensemble2_binary,LR_binary_norm,KNN_binary_norm,SVM_binary_norm,LDA_binary_norm,Ensemble_binary_norm,Ensemble2_binary_norm
Mean,0.5675892857142857,0.5484821428571428,0.5698214285714286,0.5891071428571429,0.5816071428571429,0.5766071428571429,0.5921428571428571,0.5717857142857143,0.5975892857142856,0.5892857142857142,0.6055357142857142,0.6024107142857144,0.7002678571428571,0.6096428571428572,0.631875,0.6729464285714286,0.6811607142857143,0.6767857142857144,0.6746428571428572,0.6393749999999999,0.6683928571428572,0.6738392857142859,0.6812500000000001,0.6794642857142859
STD,0.038325418345094814,0.040470270487943945,0.041136981847362156,0.044211847959568486,0.04322793468042042,0.04111372046171548,0.0458041805863141,0.04531494099688336,0.0394528708443016,0.04295004811002034,0.04092325757077608,0.04152419306493357,0.04273149363723889,0.04017023723086127,0.054220105442388,0.04143193874861986,0.038924782744861844,0.04120707414005116,0.03792951303646903,0.038628739664415976,0.04326480223281852,0.03761578638290155,0.043677052887982175,0.041926274578121064
Max,0.6696428571428571,0.6517857142857143,0.6696428571428571,0.7321428571428571,0.7142857142857143,0.6785714285714286,0.7142857142857143,0.6785714285714286,0.7142857142857143,0.6875,0.7142857142857143,0.7232142857142857,0.8035714285714286,0.6875,0.7321428571428571,0.7589285714285714,0.7678571428571429,0.7767857142857143,0.7589285714285714,0.7321428571428571,0.7857142857142857,0.7678571428571429,0.8035714285714286,0.7946428571428571
Min,0.4642857142857143,0.44642857142857145,0.45535714285714285,0.41964285714285715,0.45535714285714285,0.44642857142857145,0.4732142857142857,0.45535714285714285,0.5267857142857143,0.48214285714285715,0.5178571428571429,0.5178571428571429,0.5803571428571429,0.5178571428571429,0.49107142857142855,0.5535714285714286,0.5892857142857143,0.5982142857142857,0.5982142857142857,0.5535714285714286,0.5535714285714286,0.5982142857142857,0.5714285714285714,0.5625
