,LR_multiclass,KNN_multiclass,SVM_multiclass,LDA_multiclass,Ensemble_multiclass,LR_multiclass_norm,KNN_multiclass_norm,SVM_multiclass_norm,LDA_multiclass_norm,Ensemble_multiclass_norm,LR_binary,KNN_binary,SVM_binary,LDA_binary,Ensemble_binary,LR_binary_norm,KNN_binary_norm,SVM_binary_norm,LDA_binary_norm,Ensemble_binary_norm
Mean,0.5858598726114651,0.5984076433121019,0.6314012738853504,0.4980254777070063,0.6256050955414012,0.5418471337579618,0.6051592356687897,0.6334394904458598,0.5015286624203821,0.6282802547770701,0.6826751592356688,0.6426751592356689,0.7131847133757961,0.6222929936305732,0.6936942675159234,0.6364968152866242,0.6439490445859873,0.7153503184713376,0.6207006369426751,0.6852229299363058
STD,0.03419356023944202,0.032394969580474095,0.035516679756911515,0.02937811349762986,0.032845250789295864,0.034878122474117874,0.03622737101482057,0.03769683758563799,0.03220965640926145,0.03609301860650475,0.038904425229089004,0.03709063276825647,0.038083153562395666,0.035935084208755484,0.04060573247908089,0.030603156814725075,0.034459717184010134,0.03188144648355163,0.03627079557142121,0.029755245927896877
Max,0.6624203821656051,0.6878980891719745,0.7452229299363057,0.5796178343949044,0.7133757961783439,0.6114649681528662,0.6942675159235668,0.7133757961783439,0.5796178343949044,0.7261146496815286,0.7707006369426752,0.7197452229299363,0.7961783439490446,0.7070063694267515,0.7834394904458599,0.732484076433121,0.7070063694267515,0.7834394904458599,0.7070063694267515,0.7643312101910829
Min,0.4968152866242038,0.5159235668789809,0.535031847133758,0.4394904458598726,0.5159235668789809,0.45222929936305734,0.5222929936305732,0.5286624203821656,0.42038216560509556,0.5477707006369427,0.5732484076433121,0.5605095541401274,0.6242038216560509,0.5477707006369427,0.6114649681528662,0.5668789808917197,0.5668789808917197,0.6305732484076433,0.5095541401273885,0.6178343949044586
