,LR_multiclass_strict,KNN_multiclass_strict,SVM_multiclass_strict,LDA_multiclass_strict,Ensemble_multiclass_strict,Ensemble2_multiclass_strict,LR_multiclass_strict_norm,KNN_multiclass_strict_norm,SVM_multiclass_strict_norm,LDA_multiclass_strict_norm,Ensemble_multiclass_strict_norm,Ensemble2_multiclass_strict_norm,LR_binary_strict,KNN_binary_strict,SVM_binary_strict,LDA_binary_strict,Ensemble_binary_strict,Ensemble2_binary_strict,LR_binary_strict_norm,KNN_binary_strict_norm,SVM_binary_strict_norm,LDA_binary_strict_norm,Ensemble_binary_strict_norm,Ensemble2_binary_strict_norm
Mean,0.5910828025477707,0.5976433121019109,0.6263694267515924,0.4970063694267516,0.6231847133757961,0.6229299363057325,0.6022929936305732,0.5985350318471336,0.6355414012738853,0.6078343949044586,0.6347770700636942,0.6342675159235668,0.700127388535032,0.6278980891719745,0.7085350318471337,0.6789808917197449,0.7005095541401274,0.7048407643312102,0.6785987261146496,0.6354140127388533,0.7020382165605096,0.6752229299363057,0.6913375796178343,0.7002547770700636
STD,0.03286278557838071,0.03169460288187613,0.03554596687795241,0.03740600075998092,0.034883530850144805,0.03478196927764597,0.03254421808674346,0.03153290841897664,0.03288228512801953,0.03241850506998206,0.0311414816276723,0.031296902811675666,0.034567624830722524,0.036246235750339806,0.03323254130051017,0.03223961970660831,0.03267683535761382,0.03430301478588354,0.03270711490378236,0.03220335805519726,0.03451947246804019,0.03344397907393225,0.028233449532818547,0.031044928371464397
Max,0.6751592356687898,0.6687898089171974,0.7261146496815286,0.6050955414012739,0.7197452229299363,0.7006369426751592,0.6878980891719745,0.6687898089171974,0.7261146496815286,0.6942675159235668,0.7133757961783439,0.7006369426751592,0.7834394904458599,0.7133757961783439,0.802547770700637,0.7452229299363057,0.7707006369426752,0.7834394904458599,0.7515923566878981,0.7197452229299363,0.7707006369426752,0.7515923566878981,0.7643312101910829,0.7707006369426752
Min,0.5222929936305732,0.5159235668789809,0.535031847133758,0.3885350318471338,0.5477707006369427,0.5414012738853503,0.5222929936305732,0.5222929936305732,0.5605095541401274,0.5286624203821656,0.554140127388535,0.5668789808917197,0.6178343949044586,0.5222929936305732,0.6305732484076433,0.6178343949044586,0.6242038216560509,0.6305732484076433,0.6050955414012739,0.5732484076433121,0.6114649681528662,0.5859872611464968,0.6242038216560509,0.6242038216560509
