,LR_multiclass,KNN_multiclass,SVM_multiclass,LDA_multiclass,Ensemble_multiclass,Ensemble2_multiclass,LR_multiclass_norm,KNN_multiclass_norm,SVM_multiclass_norm,LDA_multiclass_norm,Ensemble_multiclass_norm,Ensemble2_multiclass_norm,LR_binary,KNN_binary,SVM_binary,LDA_binary,Ensemble_binary,Ensemble2_binary,LR_binary_norm,KNN_binary_norm,SVM_binary_norm,LDA_binary_norm,Ensemble_binary_norm,Ensemble2_binary_norm
Mean,0.578343949044586,0.5735668789808916,0.6315923566878981,0.5831210191082802,0.6242675159235668,0.6236305732484076,0.5729936305732484,0.5715286624203822,0.6256050955414011,0.5797452229299364,0.6198089171974521,0.6182165605095542,0.6273248407643313,0.5880254777070063,0.635923566878981,0.6269426751592356,0.6366878980891719,0.6363694267515922,0.6207006369426752,0.5847133757961784,0.6429936305732482,0.6230573248407643,0.6403821656050955,0.6370700636942676
STD,0.03383598722367751,0.03512292734316361,0.030155317577870735,0.033551525997342874,0.033078058860992396,0.032152611363016136,0.029955543351233762,0.03250099472009199,0.02914080609003918,0.03245258871056045,0.030060657840831125,0.029310715053681158,0.03392573380212635,0.03385852105827244,0.03640861498215302,0.034256089303173996,0.034050171438881796,0.035669870320303776,0.031979026251667944,0.035714256735990275,0.03668231335767027,0.032357440183842144,0.03386499077074483,0.03201205704130969
Max,0.6560509554140127,0.643312101910828,0.7006369426751592,0.6624203821656051,0.6942675159235668,0.7133757961783439,0.6496815286624203,0.6496815286624203,0.6878980891719745,0.6687898089171974,0.6815286624203821,0.6815286624203821,0.6942675159235668,0.6624203821656051,0.7197452229299363,0.7261146496815286,0.732484076433121,0.7452229299363057,0.6878980891719745,0.6815286624203821,0.732484076433121,0.7133757961783439,0.732484076433121,0.7133757961783439
Min,0.5159235668789809,0.4840764331210191,0.535031847133758,0.5031847133757962,0.5286624203821656,0.5159235668789809,0.5159235668789809,0.4968152866242038,0.5605095541401274,0.5031847133757962,0.5414012738853503,0.5477707006369427,0.5286624203821656,0.5095541401273885,0.5286624203821656,0.5286624203821656,0.5605095541401274,0.554140127388535,0.5414012738853503,0.5095541401273885,0.5605095541401274,0.5222929936305732,0.5605095541401274,0.5605095541401274
