,LR_multiclass,KNN_multiclass,SVM_multiclass,LDA_multiclass,Ensemble_multiclass,LR_multiclass_norm,KNN_multiclass_norm,SVM_multiclass_norm,LDA_multiclass_norm,Ensemble_multiclass_norm,LR_binary,KNN_binary,SVM_binary,LDA_binary,Ensemble_binary,LR_binary_norm,KNN_binary_norm,SVM_binary_norm,LDA_binary_norm,Ensemble_binary_norm
Mean,0.6381868131868131,0.6347802197802197,0.6409890109890111,0.6642307692307693,0.6415384615384616,0.6671428571428573,0.6496153846153847,0.6632417582417584,0.6705494505494507,0.6740109890109891,0.7204945054945056,0.7075274725274725,0.667087912087912,0.7207142857142859,0.7318681318681318,0.7197802197802197,0.7263736263736266,0.7367582417582418,0.7208241758241759,0.7385164835164835
STD,0.028427097410143747,0.03189138030353238,0.02911797621857209,0.028080041116300105,0.029426347280312626,0.02814753169702788,0.03155257753554498,0.027585427356474266,0.029352386840101517,0.029497410233473482,0.028077460694622736,0.03576796473173443,0.03378200535794324,0.02907476132603537,0.028823905601327474,0.025094917025646677,0.028592553475291622,0.027429581817822887,0.024296588982887234,0.02694095616244877
Max,0.7472527472527473,0.7032967032967034,0.7582417582417582,0.7417582417582418,0.7527472527472527,0.7417582417582418,0.7307692307692307,0.7197802197802198,0.7582417582417582,0.7637362637362637,0.8131868131868132,0.8021978021978022,0.7417582417582418,0.8186813186813187,0.8186813186813187,0.7912087912087912,0.7912087912087912,0.8076923076923077,0.7912087912087912,0.8076923076923077
Min,0.5769230769230769,0.5659340659340659,0.5714285714285714,0.6043956043956044,0.5714285714285714,0.6043956043956044,0.5714285714285714,0.5879120879120879,0.5934065934065934,0.5989010989010989,0.6593406593406593,0.6318681318681318,0.5769230769230769,0.6648351648351648,0.6593406593406593,0.6593406593406593,0.6538461538461539,0.6483516483516484,0.6703296703296703,0.6703296703296703
