,Binary,Binary Normalized,Multiclass,Multiclass Normalized
LR,0.7142857142857143,0.6875,0.6160714285714286,0.6339285714285714
KNN,0.6160714285714286,0.6607142857142857,0.5803571428571429,0.6160714285714286
SVM,0.6785714285714286,0.7053571428571429,0.5982142857142857,0.6339285714285714
LDA,0.6875,0.6875,0.6339285714285714,0.6339285714285714
Ensemble,0.6875,0.7053571428571429,0.6071428571428571,0.6517857142857143
Ensemble Less,0.6964285714285714,0.7142857142857143,0.625,0.6428571428571429
