,LR_multiclass_strict,KNN_multiclass_strict,SVM_multiclass_strict,LDA_multiclass_strict,Ensemble_multiclass_strict,Ensemble2_multiclass_strict,LR_multiclass_strict_norm,KNN_multiclass_strict_norm,SVM_multiclass_strict_norm,LDA_multiclass_strict_norm,Ensemble_multiclass_strict_norm,Ensemble2_multiclass_strict_norm,LR_binary_strict,KNN_binary_strict,SVM_binary_strict,LDA_binary_strict,Ensemble_binary_strict,Ensemble2_binary_strict,LR_binary_strict_norm,KNN_binary_strict_norm,SVM_binary_strict_norm,LDA_binary_strict_norm,Ensemble_binary_strict_norm,Ensemble2_binary_strict_norm
Mean,0.6347770700636943,0.6390445859872611,0.6289171974522292,0.5166878980891719,0.6477070063694268,0.6420382165605096,0.6145859872611465,0.61828025477707,0.6543312101910828,0.6210191082802548,0.6510828025477707,0.6509554140127388,0.7225477707006371,0.7076433121019109,0.6436942675159236,0.7042675159235668,0.7197452229299363,0.725095541401274,0.7085350318471337,0.6915923566878981,0.7443312101910828,0.70828025477707,0.7215923566878979,0.7330573248407642
STD,0.037641318235317335,0.038014913873670536,0.040380558146792624,0.042492049405124854,0.03859362813446597,0.03996022201619903,0.03444788323684593,0.034656413265150274,0.033448345809577104,0.03499708756131503,0.034788733724554814,0.034181930866238816,0.031595438518268286,0.030071520086911798,0.03879414908834816,0.02963330874437477,0.033607403715345034,0.03322765782466414,0.038471759393646554,0.030931814547531623,0.0322901668381738,0.03925344952389965,0.03279228087426231,0.03298717444150048
Max,0.7452229299363057,0.7133757961783439,0.7515923566878981,0.6178343949044586,0.7579617834394905,0.7579617834394905,0.7006369426751592,0.7070063694267515,0.7388535031847133,0.7261146496815286,0.732484076433121,0.7388535031847133,0.7834394904458599,0.7898089171974523,0.7452229299363057,0.7707006369426752,0.7961783439490446,0.7834394904458599,0.7961783439490446,0.7579617834394905,0.8280254777070064,0.7961783439490446,0.8089171974522293,0.821656050955414
Min,0.5477707006369427,0.554140127388535,0.5095541401273885,0.40764331210191085,0.5477707006369427,0.5286624203821656,0.5286624203821656,0.5477707006369427,0.5605095541401274,0.5159235668789809,0.554140127388535,0.554140127388535,0.6305732484076433,0.6369426751592356,0.5477707006369427,0.6242038216560509,0.6369426751592356,0.643312101910828,0.5987261146496815,0.6114649681528662,0.6496815286624203,0.6050955414012739,0.6305732484076433,0.6496815286624203
