,LR_multiclass,KNN_multiclass,SVM_multiclass,LDA_multiclass,Ensemble_multiclass,Ensemble2_multiclass,LR_multiclass_norm,KNN_multiclass_norm,SVM_multiclass_norm,LDA_multiclass_norm,Ensemble_multiclass_norm,Ensemble2_multiclass_norm,LR_binary,KNN_binary,SVM_binary,LDA_binary,Ensemble_binary,Ensemble2_binary,LR_binary_norm,KNN_binary_norm,SVM_binary_norm,LDA_binary_norm,Ensemble_binary_norm,Ensemble2_binary_norm
Mean,0.5876744186046512,0.616279069767442,0.5627906976744186,0.6169767441860466,0.6083720930232558,0.6004651162790698,0.627906976744186,0.6451162790697675,0.6630232558139535,0.6169767441860465,0.6609302325581397,0.6595348837209304,0.6886046511627907,0.6941860465116282,0.6425581395348838,0.6846511627906977,0.7197674418604655,0.7230232558139537,0.673953488372093,0.7423255813953488,0.7609302325581395,0.6734883720930231,0.7325581395348838,0.7611627906976745
STD,0.07382429845006407,0.0658184730143484,0.06898789290321548,0.06972518099892328,0.07725131947219219,0.07687655955054717,0.06740175230785786,0.06348624240401107,0.06139667017605604,0.06663145816259754,0.06395813936576282,0.06279242030367434,0.05482604379691067,0.05812790581372086,0.08213320052480488,0.05699525090991772,0.06523038175700348,0.0653728334656469,0.05522753955168014,0.05258900102363748,0.05744515572884921,0.057241435483238186,0.056440284183774864,0.05579990133183489
Max,0.8372093023255814,0.7906976744186046,0.7209302325581395,0.7906976744186046,0.813953488372093,0.7906976744186046,0.7906976744186046,0.7674418604651163,0.7906976744186046,0.7674418604651163,0.7906976744186046,0.7906976744186046,0.813953488372093,0.8372093023255814,0.8837209302325582,0.813953488372093,0.8837209302325582,0.8837209302325582,0.813953488372093,0.8837209302325582,0.9069767441860465,0.8372093023255814,0.8604651162790697,0.9069767441860465
Min,0.4186046511627907,0.4418604651162791,0.3953488372093023,0.4883720930232558,0.3953488372093023,0.3953488372093023,0.46511627906976744,0.5116279069767442,0.46511627906976744,0.46511627906976744,0.46511627906976744,0.5116279069767442,0.5116279069767442,0.5813953488372093,0.4186046511627907,0.5116279069767442,0.5116279069767442,0.5116279069767442,0.5348837209302325,0.5813953488372093,0.5813953488372093,0.5348837209302325,0.5581395348837209,0.6046511627906976
