,LR_multiclass,KNN_multiclass,SVM_multiclass,LDA_multiclass,Ensemble_multiclass,Ensemble2_multiclass,LR_multiclass_norm,KNN_multiclass_norm,SVM_multiclass_norm,LDA_multiclass_norm,Ensemble_multiclass_norm,Ensemble2_multiclass_norm,LR_binary,KNN_binary,SVM_binary,LDA_binary,Ensemble_binary,Ensemble2_binary,LR_binary_norm,KNN_binary_norm,SVM_binary_norm,LDA_binary_norm,Ensemble_binary_norm,Ensemble2_binary_norm
Mean,0.6308280254777069,0.6389171974522294,0.6311464968152865,0.6136942675159236,0.6312101910828024,0.6309554140127388,0.6225477707006369,0.6271337579617834,0.6289171974522293,0.6143949044585988,0.6300636942675159,0.6339490445859873,0.6873248407643312,0.7055414012738852,0.6478980891719744,0.7005732484076432,0.6784713375796178,0.6771974522292994,0.7071974522292993,0.673312101910828,0.7026751592356688,0.7082165605095541,0.7101910828025477,0.7119745222929936
STD,0.036041276187064444,0.036741103935598145,0.03594180094675781,0.035387597260047816,0.03566310236731061,0.036118862019699854,0.03783911270420315,0.03568493720033148,0.03641864217220691,0.03829524807853538,0.03745179600251973,0.038443645916000996,0.029425028212142924,0.030835591533507317,0.040745218449332585,0.028277600724717827,0.03035324238527277,0.03010361162986243,0.029498836351612816,0.033635096684788805,0.031960054584594604,0.03110856977282764,0.03215772117545055,0.031573088432731176
Max,0.7133757961783439,0.7261146496815286,0.7133757961783439,0.7070063694267515,0.7133757961783439,0.7133757961783439,0.7197452229299363,0.7261146496815286,0.7133757961783439,0.6942675159235668,0.732484076433121,0.732484076433121,0.7770700636942676,0.7898089171974523,0.7261146496815286,0.7707006369426752,0.7579617834394905,0.7643312101910829,0.7898089171974523,0.7643312101910829,0.802547770700637,0.802547770700637,0.802547770700637,0.802547770700637
Min,0.5414012738853503,0.5414012738853503,0.5414012738853503,0.535031847133758,0.5414012738853503,0.5414012738853503,0.4968152866242038,0.5286624203821656,0.5222929936305732,0.5222929936305732,0.5095541401273885,0.5095541401273885,0.6242038216560509,0.643312101910828,0.5286624203821656,0.6369426751592356,0.5923566878980892,0.5923566878980892,0.6369426751592356,0.5987261146496815,0.6114649681528662,0.6305732484076433,0.6305732484076433,0.6369426751592356
