,LR_multiclass_strict,KNN_multiclass_strict,SVM_multiclass_strict,LDA_multiclass_strict,Ensemble_multiclass_strict,Ensemble2_multiclass_strict,LR_multiclass_strict_norm,KNN_multiclass_strict_norm,SVM_multiclass_strict_norm,LDA_multiclass_strict_norm,Ensemble_multiclass_strict_norm,Ensemble2_multiclass_strict_norm,LR_binary_strict,KNN_binary_strict,SVM_binary_strict,LDA_binary_strict,Ensemble_binary_strict,Ensemble2_binary_strict,LR_binary_strict_norm,KNN_binary_strict_norm,SVM_binary_strict_norm,LDA_binary_strict_norm,Ensemble_binary_strict_norm,Ensemble2_binary_strict_norm
Mean,0.6331210191082802,0.6409554140127388,0.6301910828025477,0.5224840764331211,0.6477707006369425,0.6426114649681529,0.6128025477707006,0.6172611464968153,0.6560509554140127,0.619936305732484,0.6507006369426752,0.6519108280254777,0.7313375796178343,0.7110191082802545,0.6468152866242037,0.7125477707006368,0.7272611464968154,0.7345222929936306,0.7022292993630573,0.6878980891719744,0.741656050955414,0.70484076433121,0.7210828025477707,0.730063694267516
STD,0.0373359258337652,0.03537934196166558,0.03224993674753312,0.03655024379277393,0.03230875631330547,0.03212484015815211,0.033911380739823686,0.03264099727694294,0.03283808599910889,0.0320256778594093,0.03499963776957963,0.03349101278008751,0.034375790867537497,0.02867876391788891,0.03875810571023524,0.03293252339872552,0.034103269389935034,0.03578098823157841,0.029975242330038537,0.029506330756434315,0.0252428667266806,0.029728510423860523,0.030404190230315303,0.028195488961765058
Max,0.7133757961783439,0.732484076433121,0.6878980891719745,0.5987261146496815,0.7070063694267515,0.7197452229299363,0.7388535031847133,0.7006369426751592,0.7515923566878981,0.7133757961783439,0.7515923566878981,0.7452229299363057,0.8089171974522293,0.7898089171974523,0.7452229299363057,0.7834394904458599,0.8089171974522293,0.802547770700637,0.7834394904458599,0.7643312101910829,0.821656050955414,0.7770700636942676,0.8152866242038217,0.8152866242038217
Min,0.5222929936305732,0.554140127388535,0.5222929936305732,0.45222929936305734,0.535031847133758,0.5222929936305732,0.5159235668789809,0.554140127388535,0.5668789808917197,0.5031847133757962,0.554140127388535,0.5796178343949044,0.6305732484076433,0.6496815286624203,0.5286624203821656,0.6369426751592356,0.6114649681528662,0.6114649681528662,0.6369426751592356,0.5859872611464968,0.6815286624203821,0.6496815286624203,0.6496815286624203,0.6624203821656051
