,LR_multiclass,KNN_multiclass,SVM_multiclass,LDA_multiclass,Ensemble_multiclass,Ensemble2_multiclass,LR_multiclass_norm,KNN_multiclass_norm,SVM_multiclass_norm,LDA_multiclass_norm,Ensemble_multiclass_norm,Ensemble2_multiclass_norm,LR_binary,KNN_binary,SVM_binary,LDA_binary,Ensemble_binary,Ensemble2_binary,LR_binary_norm,KNN_binary_norm,SVM_binary_norm,LDA_binary_norm,Ensemble_binary_norm,Ensemble2_binary_norm
Mean,0.6279617834394904,0.5803184713375796,0.6279617834394904,0.6091082802547771,0.6279617834394904,0.6280254777070062,0.6093630573248408,0.5865605095541401,0.6295541401273884,0.611656050955414,0.6282802547770701,0.6285350318471338,0.6342038216560509,0.6269426751592357,0.6345222929936305,0.6343312101910827,0.6339490445859872,0.6328025477707006,0.6311464968152866,0.623312101910828,0.6277707006369426,0.629171974522293,0.6345859872611466,0.6326751592356689
STD,0.0335118416560137,0.03263851137605422,0.03339056171658325,0.03608329444630726,0.0335118416560137,0.03348646988049659,0.03270258716478058,0.034759742306005745,0.03563146363623132,0.033733376457878855,0.03529742987992238,0.03511720925901466,0.03212938617973052,0.036736245125918346,0.033701190094739625,0.03413555202728369,0.03262060729733701,0.03264447722015781,0.03588531866351433,0.03612110839919911,0.035751950372736055,0.03769904374524982,0.03583508776821388,0.03313393917527468
Max,0.6942675159235668,0.6687898089171974,0.6942675159235668,0.6942675159235668,0.6942675159235668,0.6942675159235668,0.6751592356687898,0.6751592356687898,0.7133757961783439,0.6815286624203821,0.7197452229299363,0.7197452229299363,0.7133757961783439,0.7388535031847133,0.7133757961783439,0.7579617834394905,0.7070063694267515,0.7070063694267515,0.7261146496815286,0.7261146496815286,0.7261146496815286,0.7261146496815286,0.7261146496815286,0.7261146496815286
Min,0.5414012738853503,0.5095541401273885,0.5414012738853503,0.5286624203821656,0.5414012738853503,0.5414012738853503,0.5414012738853503,0.5095541401273885,0.5477707006369427,0.5414012738853503,0.5477707006369427,0.5477707006369427,0.554140127388535,0.535031847133758,0.5414012738853503,0.5286624203821656,0.5414012738853503,0.535031847133758,0.5286624203821656,0.5222929936305732,0.5286624203821656,0.5159235668789809,0.5414012738853503,0.5605095541401274
