,LR_multiclass_strict,KNN_multiclass_strict,SVM_multiclass_strict,LDA_multiclass_strict,Ensemble_multiclass_strict,Ensemble2_multiclass_strict,LR_multiclass_strict_norm,KNN_multiclass_strict_norm,SVM_multiclass_strict_norm,LDA_multiclass_strict_norm,Ensemble_multiclass_strict_norm,Ensemble2_multiclass_strict_norm,LR_binary_strict,KNN_binary_strict,SVM_binary_strict,LDA_binary_strict,Ensemble_binary_strict,Ensemble2_binary_strict,LR_binary_strict_norm,KNN_binary_strict_norm,SVM_binary_strict_norm,LDA_binary_strict_norm,Ensemble_binary_strict_norm,Ensemble2_binary_strict_norm
Mean,0.6276433121019108,0.6375796178343949,0.6261783439490445,0.5236942675159235,0.6435031847133758,0.6374522292993631,0.6085987261146496,0.6099363057324841,0.6460509554140128,0.6145859872611464,0.6406369426751591,0.6417834394904457,0.7226114649681528,0.7105095541401276,0.6443949044585986,0.7079617834394903,0.7227388535031847,0.7285350318471338,0.7063694267515924,0.6915286624203821,0.7432484076433121,0.7077707006369427,0.7177070063694266,0.731656050955414
STD,0.03544538774214726,0.032496563105284315,0.03252395454077415,0.03269669396280309,0.03378144838547464,0.03372405459747159,0.03419824647062751,0.029397785396152253,0.03200286763490857,0.033625445951552646,0.03184942666905052,0.031373807447362324,0.02930455506475934,0.029221372245092175,0.035601107304862094,0.03234483708953148,0.02962235428836028,0.02954452951578861,0.032942931314613386,0.03259323485284554,0.0293781134976299,0.03224314296979644,0.032200334407657155,0.02939136759228441
Max,0.7261146496815286,0.732484076433121,0.7006369426751592,0.5923566878980892,0.7133757961783439,0.7006369426751592,0.7070063694267515,0.6878980891719745,0.732484076433121,0.7070063694267515,0.7261146496815286,0.7261146496815286,0.7898089171974523,0.7834394904458599,0.7261146496815286,0.802547770700637,0.7961783439490446,0.7898089171974523,0.7961783439490446,0.7834394904458599,0.8089171974522293,0.7770700636942676,0.802547770700637,0.8089171974522293
Min,0.5222929936305732,0.554140127388535,0.5477707006369427,0.4267515923566879,0.554140127388535,0.5477707006369427,0.5222929936305732,0.5414012738853503,0.5732484076433121,0.535031847133758,0.5668789808917197,0.5732484076433121,0.643312101910828,0.6178343949044586,0.5414012738853503,0.6050955414012739,0.6242038216560509,0.6369426751592356,0.6050955414012739,0.6178343949044586,0.6560509554140127,0.6050955414012739,0.6050955414012739,0.6305732484076433
