,LR_multiclass,KNN_multiclass,SVM_multiclass,LDA_multiclass,Ensemble_multiclass,Ensemble2_multiclass,LR_multiclass_norm,KNN_multiclass_norm,SVM_multiclass_norm,LDA_multiclass_norm,Ensemble_multiclass_norm,Ensemble2_multiclass_norm,LR_binary,KNN_binary,SVM_binary,LDA_binary,Ensemble_binary,Ensemble2_binary,LR_binary_norm,KNN_binary_norm,SVM_binary_norm,LDA_binary_norm,Ensemble_binary_norm,Ensemble2_binary_norm
Mean,0.6273248407643311,0.5796178343949044,0.6271974522292993,0.6071337579617834,0.6273248407643311,0.6271974522292993,0.6094904458598726,0.584968152866242,0.6282802547770701,0.6095541401273885,0.6272611464968152,0.6268789808917198,0.6305732484076432,0.6275796178343949,0.6270063694267516,0.6347133757961783,0.6301910828025477,0.6268789808917198,0.6312738853503185,0.6190445859872612,0.6257961783439491,0.6303184713375795,0.6318471337579618,0.63
STD,0.03290590358599784,0.03251528412254832,0.03294237712979901,0.03354554005734071,0.03290590358599784,0.03294237712979901,0.03142000190865615,0.03174148079895578,0.03283215533516327,0.03323717993796114,0.032695453153350186,0.03334296046083172,0.033583251787169595,0.03495016534103108,0.035478564638743625,0.03486788497184527,0.03442815095231009,0.03318440773970771,0.03358198333104266,0.03441489157413273,0.03555914676960788,0.032874141153162846,0.03522241162470952,0.03551028247517888
Max,0.6942675159235668,0.6496815286624203,0.6942675159235668,0.6751592356687898,0.6942675159235668,0.6942675159235668,0.7006369426751592,0.7006369426751592,0.7388535031847133,0.6878980891719745,0.7197452229299363,0.7452229299363057,0.7197452229299363,0.7006369426751592,0.7388535031847133,0.7197452229299363,0.7197452229299363,0.7197452229299363,0.7388535031847133,0.7070063694267515,0.7133757961783439,0.7197452229299363,0.7197452229299363,0.7197452229299363
Min,0.5477707006369427,0.4713375796178344,0.5477707006369427,0.5095541401273885,0.5477707006369427,0.5477707006369427,0.5095541401273885,0.5095541401273885,0.5286624203821656,0.4968152866242038,0.5286624203821656,0.5286624203821656,0.5414012738853503,0.554140127388535,0.535031847133758,0.5605095541401274,0.5414012738853503,0.535031847133758,0.5477707006369427,0.5414012738853503,0.535031847133758,0.5605095541401274,0.5477707006369427,0.5414012738853503
