,LR_multiclass,KNN_multiclass,SVM_multiclass,LDA_multiclass,Ensemble_multiclass,Ensemble2_multiclass,LR_multiclass_norm,KNN_multiclass_norm,SVM_multiclass_norm,LDA_multiclass_norm,Ensemble_multiclass_norm,Ensemble2_multiclass_norm,LR_binary,KNN_binary,SVM_binary,LDA_binary,Ensemble_binary,Ensemble2_binary,LR_binary_norm,KNN_binary_norm,SVM_binary_norm,LDA_binary_norm,Ensemble_binary_norm,Ensemble2_binary_norm
Mean,0.6290445859872611,0.5787898089171974,0.6289171974522293,0.60828025477707,0.6290445859872611,0.6289171974522293,0.6078980891719745,0.5793630573248407,0.6298089171974522,0.6107006369426752,0.6277070063694267,0.6277070063694268,0.6312101910828025,0.631592356687898,0.6285987261146496,0.6345222929936305,0.6314012738853503,0.6279617834394904,0.6305095541401274,0.6205732484076433,0.6280891719745223,0.631656050955414,0.6320382165605096,0.6298089171974521
STD,0.032441835905908906,0.03381985672999956,0.03228514081833848,0.03595765650005718,0.032441835905908906,0.03228514081833848,0.034563399504940875,0.03217563065049241,0.03404254520704642,0.03764196490632504,0.034821312936739214,0.03455230556637469,0.031158152378687912,0.03338600514842073,0.029694032521128143,0.0297361515921209,0.03162540648510766,0.03116589863712496,0.03607024983896243,0.03438611588590212,0.035905662521100355,0.034407346180951974,0.034404987906222186,0.03628091676201324
Max,0.6942675159235668,0.6624203821656051,0.6942675159235668,0.6815286624203821,0.6942675159235668,0.6942675159235668,0.6815286624203821,0.6751592356687898,0.7070063694267515,0.7006369426751592,0.7133757961783439,0.7006369426751592,0.7006369426751592,0.7006369426751592,0.6815286624203821,0.7006369426751592,0.7006369426751592,0.6878980891719745,0.7133757961783439,0.6942675159235668,0.7133757961783439,0.7133757961783439,0.7006369426751592,0.7070063694267515
Min,0.535031847133758,0.4840764331210191,0.535031847133758,0.5095541401273885,0.535031847133758,0.535031847133758,0.5159235668789809,0.4968152866242038,0.5414012738853503,0.5222929936305732,0.535031847133758,0.535031847133758,0.5605095541401274,0.5286624203821656,0.5477707006369427,0.554140127388535,0.5477707006369427,0.535031847133758,0.554140127388535,0.5477707006369427,0.535031847133758,0.554140127388535,0.535031847133758,0.5477707006369427
