,LR_multiclass,KNN_multiclass,SVM_multiclass,LDA_multiclass,Ensemble_multiclass,Ensemble2_multiclass,LR_multiclass_norm,KNN_multiclass_norm,SVM_multiclass_norm,LDA_multiclass_norm,Ensemble_multiclass_norm,Ensemble2_multiclass_norm,LR_binary,KNN_binary,SVM_binary,LDA_binary,Ensemble_binary,Ensemble2_binary,LR_binary_norm,KNN_binary_norm,SVM_binary_norm,LDA_binary_norm,Ensemble_binary_norm,Ensemble2_binary_norm
Mean,0.6061607142857143,0.5403571428571429,0.5657142857142857,0.43098214285714287,0.5833035714285714,0.5797321428571428,0.5410714285714284,0.5625,0.5927678571428572,0.43732142857142864,0.5930357142857143,0.5924107142857143,0.724375,0.61,0.6320535714285714,0.5673214285714284,0.6700892857142858,0.6878571428571427,0.6639285714285714,0.6636607142857143,0.7379464285714286,0.5723214285714286,0.6951785714285715,0.7210714285714285
STD,0.041666783588271326,0.04025746223131958,0.04308940042018953,0.04063932243604985,0.044804261795056956,0.04265680481996957,0.03998963513671196,0.04184062326378565,0.037177503586970216,0.04783214965706984,0.04222336438513633,0.03951586399983001,0.04032028579299223,0.040403734167696395,0.048136428539631196,0.04286495464519581,0.04264035572347503,0.042293918123107024,0.03901121633581809,0.03889937879861794,0.04113688495221081,0.043530791940174667,0.03934694902986995,0.03828098318316011
Max,0.7053571428571429,0.6517857142857143,0.6785714285714286,0.5535714285714286,0.6964285714285714,0.6785714285714286,0.625,0.6696428571428571,0.6696428571428571,0.5535714285714286,0.6696428571428571,0.6875,0.8125,0.7321428571428571,0.75,0.6785714285714286,0.7589285714285714,0.7857142857142857,0.7410714285714286,0.7678571428571429,0.8214285714285714,0.6696428571428571,0.8125,0.8125
Min,0.5,0.42857142857142855,0.4732142857142857,0.3392857142857143,0.5,0.48214285714285715,0.39285714285714285,0.41964285714285715,0.5,0.3125,0.4642857142857143,0.48214285714285715,0.6339285714285714,0.5178571428571429,0.4732142857142857,0.45535714285714285,0.5357142857142857,0.5535714285714286,0.5357142857142857,0.5982142857142857,0.6160714285714286,0.4732142857142857,0.5714285714285714,0.6160714285714286
