,LR_multiclass,KNN_multiclass,SVM_multiclass,LDA_multiclass,Ensemble_multiclass,Ensemble2_multiclass,LR_multiclass_norm,KNN_multiclass_norm,SVM_multiclass_norm,LDA_multiclass_norm,Ensemble_multiclass_norm,Ensemble2_multiclass_norm,LR_binary,KNN_binary,SVM_binary,LDA_binary,Ensemble_binary,Ensemble2_binary,LR_binary_norm,KNN_binary_norm,SVM_binary_norm,LDA_binary_norm,Ensemble_binary_norm,Ensemble2_binary_norm
Mean,0.6314012738853503,0.6365605095541401,0.6277070063694266,0.5260509554140126,0.6478343949044585,0.6412101910828025,0.5720382165605095,0.6112101910828025,0.6438853503184713,0.5270063694267517,0.6387261146496815,0.6359872611464968,0.7225477707006368,0.726751592356688,0.6447133757961783,0.6531847133757961,0.7246496815286624,0.744331210191083,0.6710191082802549,0.6524840764331209,0.7389808917197453,0.6477707006369426,0.7088535031847134,0.7201910828025477
STD,0.032907876162430266,0.03281114227894843,0.031078299245669915,0.034159313460506595,0.032705564378808116,0.0318605704138712,0.03423760918808646,0.036041276187064444,0.03578342588540214,0.037828389581087245,0.034087800949265355,0.03403175832168381,0.03142807089059488,0.02703069448907384,0.03848715244181143,0.03847444834936641,0.03471022015692389,0.033353179481491836,0.030191015614427098,0.034445822183675145,0.030266239866729643,0.03489260108229894,0.030669897659085205,0.03182489669515344
Max,0.7133757961783439,0.7070063694267515,0.6878980891719745,0.5987261146496815,0.732484076433121,0.7261146496815286,0.6496815286624203,0.7133757961783439,0.7388535031847133,0.6305732484076433,0.7388535031847133,0.7388535031847133,0.802547770700637,0.7834394904458599,0.732484076433121,0.732484076433121,0.802547770700637,0.8152866242038217,0.732484076433121,0.7388535031847133,0.802547770700637,0.7261146496815286,0.7834394904458599,0.7961783439490446
Min,0.5477707006369427,0.5222929936305732,0.5414012738853503,0.43312101910828027,0.5605095541401274,0.554140127388535,0.47770700636942676,0.5095541401273885,0.5414012738853503,0.42038216560509556,0.535031847133758,0.5477707006369427,0.6496815286624203,0.6560509554140127,0.554140127388535,0.5605095541401274,0.6242038216560509,0.6624203821656051,0.5987261146496815,0.5796178343949044,0.6624203821656051,0.5605095541401274,0.643312101910828,0.6560509554140127
