,LR_multiclass,KNN_multiclass,SVM_multiclass,LDA_multiclass,Ensemble_multiclass,Ensemble2_multiclass,LR_binary,KNN_binary,SVM_binary,LDA_binary,Ensemble_binary,Ensemble2_binary
Mean,0.5385000000000001,0.486,0.5335,0.39649999999999996,0.533,0.533,0.4635,0.4615000000000001,0.5355,0.511,0.502,0.48100000000000004
STD,0.09743074463432988,0.0886227961644181,0.10026340309405021,0.10056216982543686,0.09980480950335006,0.09955400544428133,0.1165879496345999,0.08211424967689837,0.10542651469151393,0.11631422956801116,0.08772684879784524,0.10044401425669923
Max,0.75,0.7,0.75,0.65,0.8,0.75,0.7,0.7,0.85,0.7,0.75,0.75
Min,0.3,0.25,0.25,0.15,0.25,0.25,0.2,0.25,0.3,0.25,0.3,0.3
