,LR_multiclass,KNN_multiclass,SVM_multiclass,LDA_multiclass,Ensemble_multiclass,Ensemble2_multiclass,LR_multiclass_norm,KNN_multiclass_norm,SVM_multiclass_norm,LDA_multiclass_norm,Ensemble_multiclass_norm,Ensemble2_multiclass_norm,LR_binary,KNN_binary,SVM_binary,LDA_binary,Ensemble_binary,Ensemble2_binary,LR_binary_norm,KNN_binary_norm,SVM_binary_norm,LDA_binary_norm,Ensemble_binary_norm,Ensemble2_binary_norm
Mean,0.6115178571428571,0.5479464285714285,0.5653571428571429,0.42714285714285716,0.581875,0.5783035714285715,0.5451785714285715,0.565,0.5884821428571427,0.43535714285714294,0.5916071428571428,0.5939285714285715,0.7214285714285715,0.6141071428571429,0.6325,0.5653571428571429,0.6714285714285714,0.6923214285714284,0.6577678571428571,0.6667857142857143,0.7387499999999999,0.5764285714285713,0.6974107142857142,0.7199999999999999
STD,0.038121863370469376,0.037172356932241454,0.037899235359256614,0.048209655862361714,0.036335117346047205,0.035125844277746406,0.04077572119258604,0.0370956086844989,0.04778404265173528,0.05055684818062913,0.045239230875470035,0.04279161657357188,0.038651537181988146,0.03903287141654337,0.05858558191366939,0.04126275313061851,0.04328285586978865,0.03788955822451589,0.036026647415206316,0.03659363862415299,0.039742073397838515,0.048020775690935935,0.03770976619970926,0.035502047943228074
Max,0.7232142857142857,0.625,0.6607142857142857,0.5267857142857143,0.6696428571428571,0.6607142857142857,0.6428571428571429,0.6517857142857143,0.7232142857142857,0.5892857142857143,0.6964285714285714,0.6785714285714286,0.8214285714285714,0.7142857142857143,0.7232142857142857,0.6875,0.7678571428571429,0.7857142857142857,0.75,0.7410714285714286,0.8482142857142857,0.7232142857142857,0.7946428571428571,0.7946428571428571
Min,0.5267857142857143,0.4375,0.49107142857142855,0.30357142857142855,0.5,0.5,0.44642857142857145,0.48214285714285715,0.42857142857142855,0.33035714285714285,0.48214285714285715,0.45535714285714285,0.6339285714285714,0.5178571428571429,0.4732142857142857,0.45535714285714285,0.5625,0.5803571428571429,0.5625,0.5535714285714286,0.6339285714285714,0.4732142857142857,0.6071428571428571,0.6428571428571429
