,LR,KNN,SVM,LDA,LR_multiclass,KNN_multiclass,SVM_multiclass,LDA_multiclass
Mean,0.6281528662420381,0.5780891719745224,0.6281528662420381,0.5289171974522293,0.6243949044585987,0.5971974522292992,0.6199363057324841,0.6000636942675159
STD,0.036498315906055914,0.03697692240820735,0.036498315906055914,0.036498315906055914,0.03416358876336886,0.034934665435948684,0.03285111734149399,0.03285111734149399
Max,0.7515923566878981,0.6942675159235668,0.7515923566878981,0.7515923566878981,0.7070063694267515,0.6815286624203821,0.6878980891719745,0.6878980891719745
Min,0.5477707006369427,0.49044585987261147,0.5477707006369427,0.5477707006369427,0.535031847133758,0.49044585987261147,0.5286624203821656,0.5286624203821656
