,LR_multiclass,KNN_multiclass,SVM_multiclass,LDA_multiclass,Ensemble_multiclass,Ensemble2_multiclass,LR_multiclass_norm,KNN_multiclass_norm,SVM_multiclass_norm,LDA_multiclass_norm,Ensemble_multiclass_norm,Ensemble2_multiclass_norm,LR_binary,KNN_binary,SVM_binary,LDA_binary,Ensemble_binary,Ensemble2_binary,LR_binary_norm,KNN_binary_norm,SVM_binary_norm,LDA_binary_norm,Ensemble_binary_norm,Ensemble2_binary_norm
Mean,0.6314012738853503,0.6374522292993631,0.6314012738853502,0.6126751592356687,0.6312101910828025,0.6312738853503184,0.6238216560509554,0.6302547770700636,0.6325477707006368,0.6159235668789809,0.6330573248407643,0.6385987261146496,0.6939490445859872,0.7080254777070064,0.6529936305732484,0.7052866242038216,0.6849681528662421,0.6838853503184713,0.7018471337579618,0.6689808917197452,0.6953503184713375,0.7036305732484077,0.699872611464968,0.7021019108280254
STD,0.03349440440999049,0.03314159086759566,0.03397544413977706,0.03494134226798997,0.0339377498210375,0.03390659503554041,0.0331677768925332,0.03311336266232662,0.030262419416938427,0.03279481697288152,0.032238298383641846,0.031740202647686275,0.029948161360236744,0.030369811479630377,0.04068942161795514,0.0330702084536496,0.03218193443111128,0.03095115432934018,0.03110856977282764,0.02675849167932325,0.03371653509079702,0.03269514294362919,0.03302632224411382,0.03344834580957712
Max,0.732484076433121,0.732484076433121,0.732484076433121,0.7261146496815286,0.732484076433121,0.732484076433121,0.7070063694267515,0.7197452229299363,0.7197452229299363,0.6942675159235668,0.7197452229299363,0.7261146496815286,0.7834394904458599,0.7898089171974523,0.732484076433121,0.7898089171974523,0.7643312101910829,0.7770700636942676,0.7707006369426752,0.7261146496815286,0.7770700636942676,0.7898089171974523,0.7643312101910829,0.7834394904458599
Min,0.5668789808917197,0.5605095541401274,0.5668789808917197,0.5414012738853503,0.5668789808917197,0.5668789808917197,0.535031847133758,0.5414012738853503,0.554140127388535,0.5286624203821656,0.5414012738853503,0.554140127388535,0.6050955414012739,0.6496815286624203,0.554140127388535,0.6242038216560509,0.5987261146496815,0.6050955414012739,0.6305732484076433,0.6114649681528662,0.6050955414012739,0.6242038216560509,0.6242038216560509,0.6178343949044586
