,LR_multiclass,KNN_multiclass,SVM_multiclass,LDA_multiclass,Ensemble_multiclass,Ensemble2_multiclass,LR_multiclass_norm,KNN_multiclass_norm,SVM_multiclass_norm,LDA_multiclass_norm,Ensemble_multiclass_norm,Ensemble2_multiclass_norm,LR_binary,KNN_binary,SVM_binary,LDA_binary,Ensemble_binary,Ensemble2_binary,LR_binary_norm,KNN_binary_norm,SVM_binary_norm,LDA_binary_norm,Ensemble_binary_norm,Ensemble2_binary_norm
Mean,0.6411538461538462,0.6415384615384616,0.6325824175824176,0.6304945054945056,0.6388461538461538,0.6392857142857143,0.6309890109890111,0.6443956043956045,0.6321978021978021,0.6307142857142857,0.6332967032967033,0.6352197802197803,0.6923076923076924,0.7062087912087911,0.7034065934065933,0.6924175824175827,0.6897252747252749,0.7010989010989012,0.6949450549450549,0.7133516483516482,0.7086263736263736,0.695,0.6926373626373628,0.7102197802197803
STD,0.031098075941369138,0.030956260458698256,0.030529432527527333,0.02930560320864894,0.0302233264652534,0.03097824417432563,0.03356346913792427,0.03285769414069479,0.03202707615522042,0.033288678175538246,0.03160768907933825,0.031961732568028145,0.030413961545270433,0.02971562476662913,0.030314337580014956,0.030244545297078377,0.03206132234158516,0.0320570376831095,0.030299395624273306,0.027363023519937232,0.028723759177084262,0.029948784927489383,0.030282851265812878,0.03146409273675905
Max,0.7087912087912088,0.6978021978021978,0.7142857142857143,0.6868131868131868,0.7087912087912088,0.7087912087912088,0.7417582417582418,0.7417582417582418,0.7252747252747253,0.7417582417582418,0.7252747252747253,0.7252747252747253,0.7582417582417582,0.7912087912087912,0.7802197802197802,0.7637362637362637,0.7582417582417582,0.7692307692307693,0.7802197802197802,0.7967032967032966,0.7692307692307693,0.7802197802197802,0.7802197802197802,0.7912087912087912
Min,0.5494505494505495,0.5714285714285714,0.5439560439560439,0.554945054945055,0.5494505494505495,0.5439560439560439,0.5494505494505495,0.5824175824175825,0.5604395604395604,0.5494505494505495,0.5604395604395604,0.5604395604395604,0.6153846153846154,0.6373626373626373,0.6263736263736264,0.6208791208791209,0.6043956043956044,0.6153846153846154,0.6263736263736264,0.6318681318681318,0.6318681318681318,0.6263736263736264,0.6263736263736264,0.6263736263736264
