,LR_multiclass_strict,KNN_multiclass_strict,SVM_multiclass_strict,LDA_multiclass_strict,LR_multiclass_strict_norm,KNN_multiclass_strict_norm,SVM_multiclass_strict_norm,LDA_multiclass_strict_norm,LR_binary_strict,KNN_binary_strict,SVM_binary_strict,LDA_binary_strict,LR_binary_strict_norm,KNN_binary_strict_norm,SVM_binary_strict_norm,LDA_binary_strict_norm
Mean,0.6196815286624204,0.5881528662420382,0.6319108280254777,0.601592356687898,0.5968789808917198,0.5926114649681529,0.633312101910828,0.6001910828025477,0.6986624203821655,0.6336305732484075,0.7092993630573248,0.6764968152866243,0.6780254777070063,0.6397452229299363,0.7030573248407643,0.6751592356687898
STD,0.03241900563944193,0.03654763527513965,0.03424471810486792,0.03187737417764901,0.03279228087426228,0.03222602636889039,0.028771977455173306,0.03343621458021491,0.03314177448650334,0.03198035828690589,0.03175170415686035,0.03207934451001862,0.033186791626549784,0.03383982382966243,0.029129666424848787,0.03156563488755125
Max,0.6878980891719745,0.6751592356687898,0.7006369426751592,0.6815286624203821,0.6687898089171974,0.6687898089171974,0.7133757961783439,0.6878980891719745,0.802547770700637,0.7070063694267515,0.7961783439490446,0.7707006369426752,0.7579617834394905,0.7197452229299363,0.7834394904458599,0.7515923566878981
Min,0.5286624203821656,0.5159235668789809,0.5477707006369427,0.5222929936305732,0.5222929936305732,0.5159235668789809,0.5668789808917197,0.5159235668789809,0.5987261146496815,0.554140127388535,0.643312101910828,0.5859872611464968,0.6050955414012739,0.554140127388535,0.6242038216560509,0.6114649681528662
