,LR_multiclass_strict,KNN_multiclass_strict,SVM_multiclass_strict,LDA_multiclass_strict,Ensemble_multiclass_strict,LR_multiclass_strict_norm,KNN_multiclass_strict_norm,SVM_multiclass_strict_norm,LDA_multiclass_strict_norm,Ensemble_multiclass_strict_norm,LR_binary_strict,KNN_binary_strict,SVM_binary_strict,LDA_binary_strict,Ensemble_binary_strict,LR_binary_strict_norm,KNN_binary_strict_norm,SVM_binary_strict_norm,LDA_binary_strict_norm,Ensemble_binary_strict_norm
Mean,0.6249681528662421,0.5910191082802548,0.634904458598726,0.6083439490445859,0.6354777070063693,0.6011464968152866,0.6008917197452229,0.635732484076433,0.6018471337579618,0.6354140127388535,0.699936305732484,0.6340764331210189,0.7094267515923568,0.6770063694267516,0.7020382165605096,0.6810191082802547,0.6353503184713375,0.7009554140127389,0.6764968152866241,0.6885987261146497
STD,0.034738552197862274,0.03368330887496956,0.03445241711981002,0.03361337863854079,0.03520922090711292,0.02899005944447479,0.03480785366758912,0.02904479550712226,0.029650280152953123,0.030944140958010024,0.03321758338832143,0.03615877060901059,0.03470934353954866,0.03162078800803126,0.03529811949161897,0.03603857454348005,0.036482695326668375,0.0317881619610461,0.034563106060358284,0.03365438984892901
Max,0.7515923566878981,0.6815286624203821,0.7388535031847133,0.6942675159235668,0.7579617834394905,0.6878980891719745,0.7006369426751592,0.7133757961783439,0.6878980891719745,0.7197452229299363,0.7707006369426752,0.7070063694267515,0.7834394904458599,0.7515923566878981,0.7834394904458599,0.7643312101910829,0.7070063694267515,0.7707006369426752,0.7579617834394905,0.7643312101910829
Min,0.5605095541401274,0.5031847133757962,0.5477707006369427,0.535031847133758,0.5605095541401274,0.535031847133758,0.5095541401273885,0.5668789808917197,0.5414012738853503,0.5605095541401274,0.5987261146496815,0.5159235668789809,0.6242038216560509,0.6050955414012739,0.6050955414012739,0.5859872611464968,0.5477707006369427,0.643312101910828,0.5859872611464968,0.6050955414012739
