,LR_multiclass,KNN_multiclass,SVM_multiclass,LDA_multiclass,LR_multiclass_norm,KNN_multiclass_norm,SVM_multiclass_norm,LDA_multiclass_norm,LR_binary,KNN_binary,SVM_binary,LDA_binary,LR_binary_norm,KNN_binary_norm,SVM_binary_norm,LDA_binary_norm
Mean,0.6381868131868133,0.6383516483516485,0.641813186813187,0.6684615384615386,0.660824175824176,0.6526373626373627,0.6585164835164836,0.6636813186813186,0.7142857142857142,0.7085164835164837,0.6620329670329671,0.7157142857142857,0.7201648351648351,0.7306593406593409,0.7375274725274724,0.7203296703296703
STD,0.033712944297568624,0.028405902599630557,0.03328323631480277,0.031441056461212855,0.03100240338779149,0.035434917491245825,0.03247224856242132,0.03247150479042613,0.03282938295887837,0.032388467089172764,0.03698496089558257,0.02958494021215185,0.030752104731501216,0.026883577214084152,0.03132210314832938,0.0314149282613688
Max,0.7307692307692307,0.7087912087912088,0.7417582417582418,0.7417582417582418,0.7307692307692307,0.7252747252747253,0.7307692307692307,0.7472527472527473,0.7912087912087912,0.8131868131868132,0.7417582417582418,0.7967032967032966,0.7912087912087912,0.8296703296703297,0.8186813186813187,0.7857142857142857
Min,0.5604395604395604,0.554945054945055,0.5659340659340659,0.5879120879120879,0.5879120879120879,0.5714285714285714,0.5824175824175825,0.5934065934065934,0.6208791208791209,0.6098901098901099,0.5604395604395604,0.6208791208791209,0.6538461538461539,0.6483516483516484,0.6703296703296703,0.6373626373626373
