,LR_multiclass,KNN_multiclass,SVM_multiclass,LDA_multiclass,Ensemble_multiclass,Ensemble2_multiclass,LR_multiclass_norm,KNN_multiclass_norm,SVM_multiclass_norm,LDA_multiclass_norm,Ensemble_multiclass_norm,Ensemble2_multiclass_norm,LR_binary,KNN_binary,SVM_binary,LDA_binary,Ensemble_binary,Ensemble2_binary,LR_binary_norm,KNN_binary_norm,SVM_binary_norm,LDA_binary_norm,Ensemble_binary_norm,Ensemble2_binary_norm
Mean,0.5960509554140127,0.606751592356688,0.6356050955414012,0.5017834394904458,0.6317834394904458,0.6300636942675159,0.5431210191082801,0.5956687898089171,0.6294267515923567,0.49566878980891715,0.6206369426751592,0.6229299363057325,0.6768789808917198,0.649936305732484,0.7129936305732484,0.619235668789809,0.6903184713375795,0.700127388535032,0.6356687898089172,0.649171974522293,0.7096815286624205,0.6198089171974523,0.6829936305732482,0.6962420382165604
STD,0.0315679482450778,0.030421865128317033,0.034738727375693335,0.03898984119405177,0.03234885054789507,0.034272961469146976,0.0343459784125144,0.03412824206082876,0.030803011381400416,0.03967881926319919,0.03327158330328333,0.03357116930727244,0.030008788792000095,0.03358228534875194,0.030451189470361337,0.034812049322666044,0.030490599540034684,0.03068821272507811,0.03249032036906203,0.03628538931676611,0.029093433055785635,0.035778890582561625,0.03033151515160333,0.0314716076442159
Max,0.6815286624203821,0.6815286624203821,0.732484076433121,0.6050955414012739,0.7452229299363057,0.7515923566878981,0.6178343949044586,0.7133757961783439,0.7070063694267515,0.6305732484076433,0.732484076433121,0.732484076433121,0.7515923566878981,0.732484076433121,0.7898089171974523,0.7070063694267515,0.7579617834394905,0.7770700636942676,0.7070063694267515,0.732484076433121,0.7834394904458599,0.7006369426751592,0.7452229299363057,0.7643312101910829
Min,0.5222929936305732,0.5286624203821656,0.5605095541401274,0.3885350318471338,0.554140127388535,0.554140127388535,0.4585987261146497,0.5286624203821656,0.535031847133758,0.40764331210191085,0.5414012738853503,0.5477707006369427,0.5923566878980892,0.554140127388535,0.6305732484076433,0.535031847133758,0.5859872611464968,0.6178343949044586,0.5222929936305732,0.5286624203821656,0.643312101910828,0.5477707006369427,0.5923566878980892,0.6178343949044586
