,LR_multiclass,KNN_multiclass,SVM_multiclass,LDA_multiclass,Ensemble_multiclass,Ensemble2_multiclass,LR_multiclass_norm,KNN_multiclass_norm,SVM_multiclass_norm,LDA_multiclass_norm,Ensemble_multiclass_norm,Ensemble2_multiclass_norm,LR_binary,KNN_binary,SVM_binary,LDA_binary,Ensemble_binary,Ensemble2_binary,LR_binary_norm,KNN_binary_norm,SVM_binary_norm,LDA_binary_norm,Ensemble_binary_norm,Ensemble2_binary_norm
Mean,0.6288535031847132,0.6361783439490445,0.6289808917197451,0.6107006369426752,0.6290445859872611,0.6289808917197451,0.6194267515923566,0.6288535031847133,0.6273248407643311,0.6099363057324841,0.6276433121019108,0.6308280254777069,0.6932484076433121,0.7081528662420381,0.652547770700637,0.7047770700636944,0.6858598726114651,0.6858598726114649,0.7071337579617832,0.6661146496815286,0.695668789808917,0.7064968152866242,0.7040127388535034,0.704267515923567
STD,0.03398977014965774,0.03512183000526277,0.03410320990937309,0.033815358008737945,0.03400486561705994,0.03410320990937309,0.03155760107945301,0.03037161482734457,0.031494802638032976,0.030441862061967057,0.031078886669905614,0.03146161564439656,0.033772620300214676,0.03173713487462128,0.04196456586244941,0.03470460942309455,0.03502466631673172,0.03468712850979365,0.03585008521161292,0.033440157712481135,0.030113043810309235,0.03629656829250066,0.03352830183919327,0.03142723181299888
Max,0.7070063694267515,0.732484076433121,0.7070063694267515,0.6815286624203821,0.7070063694267515,0.7070063694267515,0.6751592356687898,0.6942675159235668,0.7070063694267515,0.6624203821656051,0.6878980891719745,0.6942675159235668,0.7834394904458599,0.7961783439490446,0.7707006369426752,0.802547770700637,0.7707006369426752,0.7707006369426752,0.802547770700637,0.7388535031847133,0.7643312101910829,0.7961783439490446,0.7898089171974523,0.7707006369426752
Min,0.535031847133758,0.5605095541401274,0.535031847133758,0.5286624203821656,0.535031847133758,0.535031847133758,0.5286624203821656,0.554140127388535,0.554140127388535,0.5286624203821656,0.554140127388535,0.554140127388535,0.6178343949044586,0.6560509554140127,0.5605095541401274,0.6178343949044586,0.5987261146496815,0.6050955414012739,0.6178343949044586,0.5923566878980892,0.6242038216560509,0.6242038216560509,0.6305732484076433,0.6305732484076433
