,LR_multiclass,KNN_multiclass,SVM_multiclass,LDA_multiclass,Ensemble_multiclass,Ensemble2_multiclass,LR_multiclass_norm,KNN_multiclass_norm,SVM_multiclass_norm,LDA_multiclass_norm,Ensemble_multiclass_norm,Ensemble2_multiclass_norm,LR_binary,KNN_binary,SVM_binary,LDA_binary,Ensemble_binary,Ensemble2_binary,LR_binary_norm,KNN_binary_norm,SVM_binary_norm,LDA_binary_norm,Ensemble_binary_norm,Ensemble2_binary_norm
Mean,0.6169642857142857,0.5559821428571429,0.5690178571428571,0.4304464285714286,0.5888392857142857,0.5846428571428572,0.54375,0.5561607142857142,0.5863392857142857,0.42857142857142855,0.5849107142857143,0.5850892857142859,0.7235714285714286,0.6139285714285713,0.6304464285714286,0.5671428571428572,0.671607142857143,0.6922321428571427,0.6522321428571429,0.6588392857142857,0.7317857142857142,0.5696428571428571,0.688214285714286,0.7134821428571427
STD,0.04051446894478009,0.040086302784347265,0.04377468327022096,0.04339864379405496,0.04175240965183559,0.04369493619379243,0.036932353357047205,0.04127077012652823,0.044429041539772805,0.04034686974176788,0.04017847222209974,0.04351165029891068,0.03519533683165822,0.04046761113557863,0.05994649772326749,0.039819426599260285,0.04422266537255597,0.038619658173642345,0.03491002922236133,0.040293387535445965,0.03555589879015169,0.04870779177494948,0.03899404716473674,0.035961089196859565
Max,0.7321428571428571,0.6607142857142857,0.6964285714285714,0.5625,0.7053571428571429,0.7232142857142857,0.6339285714285714,0.6428571428571429,0.6875,0.5535714285714286,0.6785714285714286,0.6785714285714286,0.8303571428571429,0.7053571428571429,0.7410714285714286,0.6517857142857143,0.7678571428571429,0.7946428571428571,0.7142857142857143,0.75,0.8035714285714286,0.6696428571428571,0.7589285714285714,0.7946428571428571
Min,0.5178571428571429,0.45535714285714285,0.4642857142857143,0.33035714285714285,0.4732142857142857,0.4732142857142857,0.44642857142857145,0.41964285714285715,0.4642857142857143,0.33035714285714285,0.45535714285714285,0.44642857142857145,0.5982142857142857,0.49107142857142855,0.4732142857142857,0.4732142857142857,0.5625,0.5982142857142857,0.5178571428571429,0.5535714285714286,0.625,0.45535714285714285,0.5446428571428571,0.5982142857142857
