,LR_multiclass,KNN_multiclass,SVM_multiclass,LDA_multiclass,Ensemble_multiclass,Ensemble2_multiclass,LR_multiclass_norm,KNN_multiclass_norm,SVM_multiclass_norm,LDA_multiclass_norm,Ensemble_multiclass_norm,Ensemble2_multiclass_norm,LR_binary,KNN_binary,SVM_binary,LDA_binary,Ensemble_binary,Ensemble2_binary,LR_binary_norm,KNN_binary_norm,SVM_binary_norm,LDA_binary_norm,Ensemble_binary_norm,Ensemble2_binary_norm
Mean,0.6298089171974521,0.6355414012738853,0.6231210191082802,0.524968152866242,0.6421656050955414,0.6363694267515924,0.5697452229299363,0.6088535031847133,0.6375796178343949,0.525796178343949,0.6360509554140128,0.6351592356687898,0.7196178343949043,0.7196178343949045,0.6496178343949045,0.6537579617834396,0.7192356687898088,0.7367515923566877,0.664904458598726,0.6535031847133755,0.7454777070063695,0.6396815286624205,0.7078980891719745,0.7189171974522295
STD,0.037110097235226736,0.034176945637788066,0.035509825482382774,0.034491254526457515,0.036427107427626414,0.03633471856636695,0.03486788497184527,0.03547599167942119,0.035480622871861024,0.03894606287184334,0.03707444104870903,0.0346543646142139,0.02774877881911873,0.02910458658915778,0.03830663482655663,0.0332618270988384,0.029693827582288442,0.031047999206002517,0.033954421724948364,0.03718348922121381,0.03281237871358442,0.03098521539976955,0.034758866937577404,0.03359116345593015
Max,0.732484076433121,0.7133757961783439,0.7070063694267515,0.6242038216560509,0.7388535031847133,0.7388535031847133,0.6687898089171974,0.7261146496815286,0.7197452229299363,0.6305732484076433,0.7261146496815286,0.7261146496815286,0.7834394904458599,0.7961783439490446,0.732484076433121,0.7515923566878981,0.802547770700637,0.8280254777070064,0.7388535031847133,0.7388535031847133,0.8280254777070064,0.7388535031847133,0.8089171974522293,0.802547770700637
Min,0.5605095541401274,0.5159235668789809,0.5414012738853503,0.43312101910828027,0.5477707006369427,0.5605095541401274,0.49044585987261147,0.5031847133757962,0.5477707006369427,0.4012738853503185,0.535031847133758,0.5414012738853503,0.6560509554140127,0.6305732484076433,0.5732484076433121,0.5668789808917197,0.6369426751592356,0.643312101910828,0.5668789808917197,0.5668789808917197,0.6687898089171974,0.5732484076433121,0.643312101910828,0.643312101910828
