,LR_multiclass_strict,KNN_multiclass_strict,SVM_multiclass_strict,LDA_multiclass_strict,Ensemble_multiclass_strict,Ensemble2_multiclass_strict,LR_multiclass_strict_norm,KNN_multiclass_strict_norm,SVM_multiclass_strict_norm,LDA_multiclass_strict_norm,Ensemble_multiclass_strict_norm,Ensemble2_multiclass_strict_norm,LR_binary_strict,KNN_binary_strict,SVM_binary_strict,LDA_binary_strict,Ensemble_binary_strict,Ensemble2_binary_strict,LR_binary_strict_norm,KNN_binary_strict_norm,SVM_binary_strict_norm,LDA_binary_strict_norm,Ensemble_binary_strict_norm,Ensemble2_binary_strict_norm
Mean,0.6359235668789809,0.6431210191082802,0.6294267515923566,0.5223566878980892,0.6493630573248407,0.6436942675159236,0.6101910828025477,0.6170700636942674,0.6486624203821656,0.6178980891719745,0.6452866242038214,0.6467515923566879,0.7295541401273886,0.7105732484076432,0.644140127388535,0.7103184713375796,0.721656050955414,0.7272611464968152,0.7088535031847134,0.6961783439490443,0.7504458598726115,0.7096178343949043,0.7256050955414011,0.7355414012738853
STD,0.03817109822450612,0.029553796945075348,0.03211833570308773,0.034045107334850895,0.03582059370904826,0.035507140530922854,0.03711796760339736,0.032977149561484766,0.0341192064427931,0.03689316911324022,0.036173577778810424,0.034044213591237535,0.031274079935051796,0.029661566234800908,0.03745152518944697,0.031904152778307764,0.032459088678320806,0.03407946888078985,0.03135019941640589,0.035331664327028445,0.026050566081839945,0.0316438736526683,0.028664968039642077,0.028929821313651575
Max,0.732484076433121,0.7070063694267515,0.7070063694267515,0.6050955414012739,0.732484076433121,0.7261146496815286,0.6942675159235668,0.6878980891719745,0.7197452229299363,0.6942675159235668,0.7261146496815286,0.7261146496815286,0.8152866242038217,0.7770700636942676,0.7197452229299363,0.7961783439490446,0.8343949044585988,0.8280254777070064,0.7834394904458599,0.7707006369426752,0.802547770700637,0.7898089171974523,0.8152866242038217,0.802547770700637
Min,0.535031847133758,0.5732484076433121,0.5732484076433121,0.4140127388535032,0.5859872611464968,0.5732484076433121,0.5286624203821656,0.5222929936305732,0.5414012738853503,0.535031847133758,0.535031847133758,0.554140127388535,0.6305732484076433,0.643312101910828,0.535031847133758,0.643312101910828,0.6496815286624203,0.6496815286624203,0.6178343949044586,0.6178343949044586,0.6815286624203821,0.6242038216560509,0.6560509554140127,0.6687898089171974
