,Binary,Binary Normalized,Multiclass,Multiclass Normalized
LR,0.643312101910828,0.6305732484076433,0.6369426751592356,0.6305732484076433
KNN,0.6369426751592356,0.5987261146496815,0.6114649681528662,0.5987261146496815
SVM,0.6624203821656051,0.6496815286624203,0.6560509554140127,0.6496815286624203
LDA,0.6687898089171974,0.6369426751592356,0.6369426751592356,0.6369426751592356
Ensemble,0.6687898089171974,0.6369426751592356,0.6624203821656051,0.6369426751592356
Ensemble Less,0.6496815286624203,0.6369426751592356,0.643312101910828,0.6369426751592356
