,LR_multiclass,KNN_multiclass,SVM_multiclass,LDA_multiclass,Ensemble_multiclass,Ensemble2_multiclass,LR_binary,KNN_binary,SVM_binary,LDA_binary,Ensemble_binary,Ensemble2_binary
Mean,0.6296178343949045,0.5771974522292994,0.6296178343949045,0.5285350318471338,0.6296178343949045,0.6296178343949045,0.6292993630573247,0.6062420382165604,0.6250955414012739,0.6022929936305732,0.6292356687898087,0.6256050955414012
STD,0.03115652476866885,0.03428597991895228,0.03115652476866885,0.030718603512013117,0.03115652476866885,0.03115652476866885,0.0381634450418987,0.04012617529254762,0.03735786891123515,0.03925675667890886,0.038976468255740894,0.03765597338450763
Max,0.7133757961783439,0.6624203821656051,0.7133757961783439,0.6050955414012739,0.7133757961783439,0.7133757961783439,0.7261146496815286,0.6815286624203821,0.7261146496815286,0.7006369426751592,0.7388535031847133,0.7261146496815286
Min,0.5414012738853503,0.49044585987261147,0.5414012738853503,0.45222929936305734,0.5414012738853503,0.5414012738853503,0.5414012738853503,0.5159235668789809,0.5286624203821656,0.5031847133757962,0.5414012738853503,0.535031847133758
