,LR_multiclass_strict,KNN_multiclass_strict,SVM_multiclass_strict,LDA_multiclass_strict,Ensemble_multiclass_strict,Ensemble2_multiclass_strict,LR_multiclass_strict_norm,KNN_multiclass_strict_norm,SVM_multiclass_strict_norm,LDA_multiclass_strict_norm,Ensemble_multiclass_strict_norm,Ensemble2_multiclass_strict_norm,LR_binary_strict,KNN_binary_strict,SVM_binary_strict,LDA_binary_strict,Ensemble_binary_strict,Ensemble2_binary_strict,LR_binary_strict_norm,KNN_binary_strict_norm,SVM_binary_strict_norm,LDA_binary_strict_norm,Ensemble_binary_strict_norm,Ensemble2_binary_strict_norm
Mean,0.5870700636942676,0.5987898089171974,0.6280254777070065,0.4929299363057325,0.6218471337579617,0.6214012738853502,0.604076433121019,0.5958598726114649,0.6366878980891719,0.6066878980891719,0.6345859872611466,0.6370063694267515,0.6970063694267514,0.6374522292993631,0.7071337579617833,0.6750318471337579,0.6992993630573247,0.7055414012738852,0.6772611464968153,0.6303821656050955,0.696687898089172,0.676496815286624,0.6876433121019108,0.6922292993630574
STD,0.03297438141972322,0.0325089825838781,0.03595201475584734,0.03689756745363159,0.037015686692274945,0.036314894363036254,0.033361692940925815,0.03739428552008161,0.03522149016303884,0.03485624779672872,0.0329694597049487,0.03278238202727504,0.031154962183054098,0.03778611086157943,0.029229770577472627,0.03601943210022994,0.032104627829617004,0.028539794302303627,0.034135076629907786,0.03326103428152427,0.03183158856273431,0.035455401283037,0.03211252478461507,0.0316282926908083
Max,0.6751592356687898,0.6942675159235668,0.7197452229299363,0.5732484076433121,0.732484076433121,0.7197452229299363,0.7070063694267515,0.6878980891719745,0.7388535031847133,0.7006369426751592,0.7070063694267515,0.7261146496815286,0.7707006369426752,0.7388535031847133,0.7707006369426752,0.7643312101910829,0.7834394904458599,0.7770700636942676,0.7579617834394905,0.7070063694267515,0.7770700636942676,0.7515923566878981,0.7707006369426752,0.7834394904458599
Min,0.4840764331210191,0.5222929936305732,0.5414012738853503,0.3885350318471338,0.5159235668789809,0.5159235668789809,0.5222929936305732,0.4968152866242038,0.5477707006369427,0.5286624203821656,0.5668789808917197,0.5732484076433121,0.6242038216560509,0.5477707006369427,0.643312101910828,0.5859872611464968,0.643312101910828,0.643312101910828,0.5923566878980892,0.5605095541401274,0.6242038216560509,0.5796178343949044,0.6178343949044586,0.6305732484076433
