,Binary,Binary Normalized,Multiclass,Multiclass Normalized
LR,0.6942675159235668,0.6496815286624203,0.6624203821656051,0.5477707006369427
KNN,0.7261146496815286,0.7006369426751592,0.6878980891719745,0.6751592356687898
SVM,0.6878980891719745,0.7643312101910829,0.6624203821656051,0.6624203821656051
LDA,0.5286624203821656,0.5286624203821656,0.445859872611465,0.445859872611465
Ensemble,0.7006369426751592,0.7261146496815286,0.6815286624203821,0.6815286624203821
Ensemble Less,0.7515923566878981,0.7388535031847133,0.6815286624203821,0.6815286624203821
