,LR_multiclass,KNN_multiclass,SVM_multiclass,LDA_multiclass,Ensemble_multiclass,Ensemble2_multiclass,LR_multiclass_norm,KNN_multiclass_norm,SVM_multiclass_norm,LDA_multiclass_norm,Ensemble_multiclass_norm,Ensemble2_multiclass_norm,LR_binary,KNN_binary,SVM_binary,LDA_binary,Ensemble_binary,Ensemble2_binary,LR_binary_norm,KNN_binary_norm,SVM_binary_norm,LDA_binary_norm,Ensemble_binary_norm,Ensemble2_binary_norm
Mean,0.5647321428571428,0.5491071428571429,0.5633928571428571,0.5903571428571428,0.5777678571428572,0.5700892857142857,0.5950000000000001,0.5740178571428571,0.6016964285714286,0.5898214285714286,0.6101785714285713,0.6067857142857143,0.7015178571428572,0.5999107142857142,0.630892857142857,0.6707142857142857,0.6833035714285716,0.674375,0.6666071428571427,0.6363392857142858,0.6591071428571429,0.6662500000000001,0.6701785714285714,0.6680357142857144
STD,0.04254677423082718,0.035366611286318496,0.039799801942897624,0.03374669295967067,0.041865289766641986,0.039394633912786255,0.04037689150178527,0.03756998146995898,0.036177685611775805,0.04206522813877689,0.036250879651536796,0.03503642419551635,0.035112224417878014,0.038871497315789476,0.05621767778838225,0.035675872198768416,0.038141933342210554,0.04158174807483667,0.044125935846004605,0.0377722895068837,0.04123376303814284,0.04351760434301389,0.044046372247476456,0.04280837999690228
Max,0.6607142857142857,0.6607142857142857,0.6607142857142857,0.6785714285714286,0.6696428571428571,0.6696428571428571,0.6964285714285714,0.6964285714285714,0.7142857142857143,0.7053571428571429,0.7142857142857143,0.7142857142857143,0.7767857142857143,0.6875,0.7410714285714286,0.75,0.75,0.7589285714285714,0.7678571428571429,0.7321428571428571,0.75,0.7589285714285714,0.75,0.75
Min,0.45535714285714285,0.4642857142857143,0.48214285714285715,0.5089285714285714,0.48214285714285715,0.4732142857142857,0.49107142857142855,0.4732142857142857,0.49107142857142855,0.48214285714285715,0.5,0.48214285714285715,0.625,0.5178571428571429,0.41964285714285715,0.5803571428571429,0.5625,0.5267857142857143,0.5535714285714286,0.5535714285714286,0.5178571428571429,0.5625,0.5178571428571429,0.5267857142857143
