,LR_multiclass,KNN_multiclass,SVM_multiclass,LDA_multiclass,Ensemble_multiclass,Ensemble2_multiclass,LR_multiclass_norm,KNN_multiclass_norm,SVM_multiclass_norm,LDA_multiclass_norm,Ensemble_multiclass_norm,Ensemble2_multiclass_norm,LR_binary,KNN_binary,SVM_binary,LDA_binary,Ensemble_binary,Ensemble2_binary,LR_binary_norm,KNN_binary_norm,SVM_binary_norm,LDA_binary_norm,Ensemble_binary_norm,Ensemble2_binary_norm
Mean,0.5589285714285714,0.5435714285714286,0.5616964285714287,0.5801785714285714,0.5750892857142859,0.567232142857143,0.5955357142857143,0.568125,0.5891964285714287,0.5873214285714287,0.6023214285714285,0.5976785714285715,0.6952678571428571,0.6037500000000001,0.6380357142857143,0.6646428571428572,0.6800892857142858,0.6758035714285715,0.6622321428571428,0.6289285714285714,0.656517857142857,0.6612500000000001,0.6658928571428572,0.6627678571428571
STD,0.038320113810490955,0.042413627719478694,0.03542505652927092,0.03902061529970211,0.036685347649202636,0.03594689872661097,0.04031722108884155,0.03766238227018183,0.03654164436583532,0.04167988735834205,0.036496348014114326,0.037003946976460964,0.033849885260409045,0.041874524060651994,0.05100113794248684,0.03722946633065409,0.04030842112729684,0.039320094534266735,0.03730935809593368,0.04247072821487808,0.037848192169642705,0.03734705203785658,0.03989343265987216,0.03721950796234662
Max,0.6696428571428571,0.6428571428571429,0.6785714285714286,0.6875,0.6785714285714286,0.6785714285714286,0.7053571428571429,0.6517857142857143,0.6875,0.7053571428571429,0.7053571428571429,0.6964285714285714,0.7857142857142857,0.6964285714285714,0.7321428571428571,0.7857142857142857,0.7678571428571429,0.7589285714285714,0.7589285714285714,0.7589285714285714,0.7321428571428571,0.7589285714285714,0.7589285714285714,0.75
Min,0.4642857142857143,0.45535714285714285,0.4642857142857143,0.45535714285714285,0.4732142857142857,0.4732142857142857,0.5,0.4732142857142857,0.5089285714285714,0.49107142857142855,0.5267857142857143,0.5089285714285714,0.5982142857142857,0.5178571428571429,0.44642857142857145,0.5803571428571429,0.5803571428571429,0.5803571428571429,0.5625,0.5357142857142857,0.5625,0.5803571428571429,0.5803571428571429,0.5892857142857143
