,LR_multiclass,KNN_multiclass,SVM_multiclass,LDA_multiclass,Ensemble_multiclass,Ensemble2_multiclass,LR_multiclass_norm,KNN_multiclass_norm,SVM_multiclass_norm,LDA_multiclass_norm,Ensemble_multiclass_norm,Ensemble2_multiclass_norm,LR_binary,KNN_binary,SVM_binary,LDA_binary,Ensemble_binary,Ensemble2_binary,LR_binary_norm,KNN_binary_norm,SVM_binary_norm,LDA_binary_norm,Ensemble_binary_norm,Ensemble2_binary_norm
Mean,0.565625,0.5425892857142857,0.5664285714285715,0.5883928571428572,0.5803571428571428,0.5750892857142857,0.5956250000000001,0.56875,0.5952678571428571,0.5914285714285713,0.6079464285714287,0.6009821428571429,0.6944642857142855,0.6036607142857143,0.6332142857142856,0.6699107142857144,0.6770535714285713,0.6717857142857142,0.6696428571428572,0.6355357142857142,0.6610714285714284,0.6699107142857144,0.6732142857142857,0.670625
STD,0.04111750133235635,0.0395255463437953,0.0411164349681462,0.045237116217476434,0.041226415645054276,0.042578989471190536,0.04332510510250214,0.049688121707059024,0.044429041539772805,0.045371201420805994,0.044680252195175546,0.04619955536383794,0.03193334496115562,0.0382346199237587,0.05528047686524583,0.037869249243486544,0.042839561125774604,0.04005178408215127,0.03838247367893693,0.038203019033386694,0.0372423119035106,0.03688818512112804,0.03823680911672118,0.03571194188737638
Max,0.6696428571428571,0.6339285714285714,0.6607142857142857,0.7142857142857143,0.6875,0.6964285714285714,0.7053571428571429,0.6964285714285714,0.6875,0.6875,0.7053571428571429,0.7232142857142857,0.7589285714285714,0.6964285714285714,0.7589285714285714,0.75,0.7767857142857143,0.7589285714285714,0.7678571428571429,0.7589285714285714,0.7678571428571429,0.75,0.7589285714285714,0.75
Min,0.4732142857142857,0.45535714285714285,0.4642857142857143,0.4732142857142857,0.48214285714285715,0.4642857142857143,0.5,0.4642857142857143,0.49107142857142855,0.4732142857142857,0.5,0.5,0.6160714285714286,0.5,0.48214285714285715,0.5535714285714286,0.5535714285714286,0.5625,0.5446428571428571,0.5357142857142857,0.5803571428571429,0.5535714285714286,0.5803571428571429,0.5714285714285714
