,LR_multiclass,KNN_multiclass,SVM_multiclass,LDA_multiclass,LR_binary,KNN_binary,SVM_binary,LDA_binary
Mean,0.475,0.4910000000000001,0.5385,0.5204999999999999,0.4935,0.45599999999999996,0.502,0.5135000000000001
STD,0.08381527307120105,0.08785783971849069,0.08088726723038676,0.08088726723038676,0.09556542261717886,0.09172785836374901,0.10097524449091472,0.10097524449091472
Max,0.65,0.7,0.75,0.75,0.7,0.8,0.7,0.7
Min,0.25,0.25,0.35,0.35,0.2,0.3,0.3,0.3
