,Binary,Binary Normalized,Multiclass,Multiclass Normalized
LR,0.7133757961783439,0.7388535031847133,0.6624203821656051,0.6305732484076433
KNN,0.7070063694267515,0.6178343949044586,0.643312101910828,0.6242038216560509
SVM,0.6878980891719745,0.7197452229299363,0.6624203821656051,0.6624203821656051
LDA,0.7388535031847133,0.7388535031847133,0.6560509554140127,0.6560509554140127
Ensemble,0.7070063694267515,0.7197452229299363,0.6624203821656051,0.6624203821656051
Ensemble Less,0.7006369426751592,0.7261146496815286,0.6624203821656051,0.6624203821656051
