,LR_multiclass_strict,KNN_multiclass_strict,SVM_multiclass_strict,LDA_multiclass_strict,LR_multiclass_strict_norm,KNN_multiclass_strict_norm,SVM_multiclass_strict_norm,LDA_multiclass_strict_norm,LR_binary_strict,KNN_binary_strict,SVM_binary_strict,LDA_binary_strict,LR_binary_strict_norm,KNN_binary_strict_norm,SVM_binary_strict_norm,LDA_binary_strict_norm
Mean,0.6222929936305732,0.5892356687898088,0.6337579617834395,0.60656050955414,0.6021656050955414,0.6030573248407642,0.6370063694267515,0.6071337579617834,0.6967515923566877,0.6306369426751592,0.706751592356688,0.675796178343949,0.682420382165605,0.639171974522293,0.6975796178343948,0.6778343949044586
STD,0.028363623029569823,0.03180245273304751,0.03023297907339061,0.031666430009799004,0.03908171466443633,0.03564466882317485,0.0363838136792414,0.04073326841971288,0.03478074453885521,0.030057958537381513,0.03250180607707418,0.03814749598009947,0.03374017077159956,0.03512292734316361,0.03204372443823066,0.034195933094988445
Max,0.7070063694267515,0.6496815286624203,0.7133757961783439,0.6942675159235668,0.7006369426751592,0.6878980891719745,0.7133757961783439,0.7006369426751592,0.7961783439490446,0.7197452229299363,0.7898089171974523,0.7770700636942676,0.7515923566878981,0.7515923566878981,0.7834394904458599,0.7452229299363057
Min,0.5477707006369427,0.5159235668789809,0.554140127388535,0.5159235668789809,0.5222929936305732,0.5286624203821656,0.5414012738853503,0.5159235668789809,0.6242038216560509,0.5477707006369427,0.6369426751592356,0.5987261146496815,0.6050955414012739,0.554140127388535,0.6178343949044586,0.6050955414012739
