,LR_multiclass,KNN_multiclass,SVM_multiclass,LDA_multiclass,Ensemble_multiclass,Ensemble2_multiclass,LR_multiclass_norm,KNN_multiclass_norm,SVM_multiclass_norm,LDA_multiclass_norm,Ensemble_multiclass_norm,Ensemble2_multiclass_norm,LR_binary,KNN_binary,SVM_binary,LDA_binary,Ensemble_binary,Ensemble2_binary,LR_binary_norm,KNN_binary_norm,SVM_binary_norm,LDA_binary_norm,Ensemble_binary_norm,Ensemble2_binary_norm
Mean,0.6214012738853503,0.5748407643312102,0.6212738853503184,0.6026114649681528,0.6214012738853503,0.6214012738853503,0.6133121019108281,0.5954777070063694,0.6326751592356687,0.6133121019108281,0.6307006369426751,0.6326114649681529,0.6256687898089172,0.6281528662420381,0.6219108280254777,0.6285350318471337,0.6235668789808916,0.6212101910828024,0.6298089171974521,0.6233121019108281,0.6305095541401273,0.6313375796178344,0.6349044585987261,0.633312101910828
STD,0.03294071451941527,0.03629315906985205,0.03283091964532827,0.034002181142496694,0.03294071451941527,0.03294071451941527,0.034516122794544336,0.030192628088056964,0.0320256778594093,0.03441017589728598,0.0329980569049668,0.03226326852132836,0.03193433920352725,0.03310607208052254,0.0331028857759502,0.034073516155883915,0.03337117680873817,0.03363702649917128,0.031064001832120016,0.03491026963576225,0.034033188823538715,0.031735856548321055,0.032137277050966175,0.032667832952768885
Max,0.6942675159235668,0.6560509554140127,0.6942675159235668,0.6942675159235668,0.6942675159235668,0.6942675159235668,0.7070063694267515,0.6687898089171974,0.7133757961783439,0.7070063694267515,0.7133757961783439,0.7261146496815286,0.6942675159235668,0.6942675159235668,0.7006369426751592,0.6942675159235668,0.7006369426751592,0.6942675159235668,0.6942675159235668,0.7197452229299363,0.7133757961783439,0.6878980891719745,0.7133757961783439,0.7006369426751592
Min,0.5159235668789809,0.4840764331210191,0.5159235668789809,0.5159235668789809,0.5159235668789809,0.5159235668789809,0.5159235668789809,0.535031847133758,0.535031847133758,0.5286624203821656,0.535031847133758,0.5414012738853503,0.5286624203821656,0.535031847133758,0.5222929936305732,0.5286624203821656,0.5286624203821656,0.5159235668789809,0.554140127388535,0.5477707006369427,0.5605095541401274,0.535031847133758,0.5605095541401274,0.554140127388535
