,LR_multiclass,KNN_multiclass,SVM_multiclass,LDA_multiclass,LR_multiclass_norm,KNN_multiclass_norm,SVM_multiclass_norm,LDA_multiclass_norm,LR_binary,KNN_binary,SVM_binary,LDA_binary,LR_binary_norm,KNN_binary_norm,SVM_binary_norm,LDA_binary_norm
Mean,0.5818471337579617,0.5788535031847134,0.6338216560509554,0.586687898089172,0.5717197452229299,0.5717197452229299,0.6278980891719745,0.5810828025477708,0.6291082802547772,0.5856050955414012,0.642420382165605,0.634968152866242,0.6236942675159236,0.5880891719745223,0.6512738853503186,0.6301273885350317
STD,0.030564953758040678,0.03206650559961968,0.029759540465061456,0.029759540465061456,0.036822999654866455,0.037951522573430534,0.03406518059346329,0.0333754922920964,0.0328733389858984,0.03639858502977921,0.03193643530572115,0.03193643530572115,0.03284648593999103,0.03715134346685659,0.03725297967008775,0.035660315189791444
Max,0.6496815286624203,0.6560509554140127,0.7006369426751592,0.7006369426751592,0.643312101910828,0.6560509554140127,0.7070063694267515,0.6624203821656051,0.7006369426751592,0.6687898089171974,0.7133757961783439,0.7133757961783439,0.6942675159235668,0.6751592356687898,0.7388535031847133,0.7197452229299363
Min,0.5095541401273885,0.5095541401273885,0.5732484076433121,0.5732484076433121,0.4713375796178344,0.4713375796178344,0.5414012738853503,0.49044585987261147,0.5414012738853503,0.4713375796178344,0.554140127388535,0.554140127388535,0.5477707006369427,0.4968152866242038,0.5668789808917197,0.5605095541401274
