,LR_multiclass,KNN_multiclass,SVM_multiclass,LDA_multiclass,Ensemble_multiclass,Ensemble2_multiclass,LR_multiclass_norm,KNN_multiclass_norm,SVM_multiclass_norm,LDA_multiclass_norm,Ensemble_multiclass_norm,Ensemble2_multiclass_norm,LR_binary,KNN_binary,SVM_binary,LDA_binary,Ensemble_binary,Ensemble2_binary,LR_binary_norm,KNN_binary_norm,SVM_binary_norm,LDA_binary_norm,Ensemble_binary_norm,Ensemble2_binary_norm
Mean,0.6275796178343949,0.5818471337579618,0.6274522292993631,0.6079617834394905,0.627515923566879,0.6274522292993631,0.6143312101910828,0.5889171974522293,0.6347770700636941,0.616624203821656,0.6333757961783438,0.6328025477707007,0.6303184713375797,0.6338853503184714,0.6291082802547769,0.6344585987261147,0.629936305732484,0.6270063694267516,0.6282802547770701,0.6229936305732483,0.6236305732484076,0.6278343949044585,0.6338216560509554,0.630828025477707
STD,0.029881437724778522,0.033369657139491325,0.029786792921987857,0.030217878941387277,0.029827420899683516,0.029786792921987857,0.03023130165340578,0.03844327655906633,0.030013722908396764,0.031677189881640644,0.030136476726754416,0.03059148872018034,0.03466419703450374,0.02811912552864616,0.03645466157574992,0.03731304567875232,0.03699206011651363,0.035933052007039834,0.03290621180886001,0.04121658954649169,0.03195008836255552,0.03169716281039056,0.03511276121644974,0.033034183080795095
Max,0.6942675159235668,0.6751592356687898,0.6942675159235668,0.6878980891719745,0.6942675159235668,0.6942675159235668,0.7070063694267515,0.6878980891719745,0.6942675159235668,0.7070063694267515,0.7070063694267515,0.7006369426751592,0.7006369426751592,0.7133757961783439,0.7070063694267515,0.7261146496815286,0.7070063694267515,0.7070063694267515,0.7261146496815286,0.7070063694267515,0.7070063694267515,0.7133757961783439,0.7261146496815286,0.7197452229299363
Min,0.554140127388535,0.5031847133757962,0.554140127388535,0.5286624203821656,0.554140127388535,0.554140127388535,0.5222929936305732,0.49044585987261147,0.554140127388535,0.5286624203821656,0.554140127388535,0.554140127388535,0.5414012738853503,0.554140127388535,0.535031847133758,0.5222929936305732,0.5414012738853503,0.535031847133758,0.5732484076433121,0.5159235668789809,0.5605095541401274,0.5605095541401274,0.5668789808917197,0.5605095541401274
