,LR_multiclass,KNN_multiclass,SVM_multiclass,LDA_multiclass,LR_binary,KNN_binary,SVM_binary,LDA_binary
Mean,0.6298089171974524,0.5781528662420383,0.6298089171974524,0.528343949044586,0.6233757961783439,0.6042038216560509,0.6205732484076433,0.5992356687898088
STD,0.03070935732587463,0.03373818673293107,0.03070935732587463,0.0346695217645255,0.034801267800132964,0.036042401812123266,0.03456263654384399,0.036184623120648664
Max,0.6878980891719745,0.6687898089171974,0.6878980891719745,0.6114649681528662,0.7197452229299363,0.6751592356687898,0.6942675159235668,0.6815286624203821
Min,0.5159235668789809,0.47770700636942676,0.5159235668789809,0.4267515923566879,0.5159235668789809,0.49044585987261147,0.5159235668789809,0.5031847133757962
