,Binary,Binary Normalized,Multiclass,Multiclass Normalized
LR,0.6178343949044586,0.5732484076433121,0.5605095541401274,0.5732484076433121
KNN,0.6114649681528662,0.6114649681528662,0.6114649681528662,0.6114649681528662
SVM,0.6560509554140127,0.6369426751592356,0.643312101910828,0.6369426751592356
LDA,0.6050955414012739,0.5477707006369427,0.5477707006369427,0.5477707006369427
Ensemble,0.6751592356687898,0.6305732484076433,0.643312101910828,0.6305732484076433
Ensemble Less,0.6496815286624203,0.643312101910828,0.6496815286624203,0.643312101910828
