,LR_multiclass,KNN_multiclass,SVM_multiclass,LDA_multiclass,Ensemble_multiclass,Ensemble2_multiclass,LR_multiclass_norm,KNN_multiclass_norm,SVM_multiclass_norm,LDA_multiclass_norm,Ensemble_multiclass_norm,Ensemble2_multiclass_norm,LR_binary,KNN_binary,SVM_binary,LDA_binary,Ensemble_binary,Ensemble2_binary,LR_binary_norm,KNN_binary_norm,SVM_binary_norm,LDA_binary_norm,Ensemble_binary_norm,Ensemble2_binary_norm
Mean,0.6124107142857143,0.5533035714285715,0.5633035714285713,0.4269642857142857,0.5820535714285715,0.5785714285714285,0.5425000000000001,0.5621428571428572,0.5870535714285715,0.4272321428571428,0.5841071428571428,0.5865178571428572,0.7239285714285715,0.6041071428571427,0.6272321428571429,0.5591964285714286,0.6588392857142858,0.6859821428571428,0.6583928571428571,0.6621428571428573,0.7330357142857145,0.5699107142857143,0.6908035714285715,0.7127678571428571
STD,0.0435782891261608,0.04264185135808362,0.04419588744257473,0.043012738383707984,0.044080294749514574,0.045263542341559194,0.036945733784808754,0.044516249039776794,0.05005378166206295,0.04084516479639785,0.04446715423908358,0.04398977661262411,0.03424849169924815,0.042562603951145195,0.05524722670572225,0.047876711750716804,0.04146348205816481,0.041574078677189506,0.03671847182916778,0.0379169002758745,0.03215525554530198,0.04489313771363627,0.035415153529101004,0.03661922709953539
Max,0.7142857142857143,0.7053571428571429,0.7232142857142857,0.5803571428571429,0.7232142857142857,0.7321428571428571,0.6607142857142857,0.6875,0.7232142857142857,0.5178571428571429,0.7053571428571429,0.7142857142857143,0.8214285714285714,0.7410714285714286,0.7410714285714286,0.6607142857142857,0.75,0.8303571428571429,0.75,0.7589285714285714,0.8035714285714286,0.6517857142857143,0.7678571428571429,0.7946428571428571
Min,0.49107142857142855,0.45535714285714285,0.45535714285714285,0.32142857142857145,0.4642857142857143,0.4732142857142857,0.45535714285714285,0.4732142857142857,0.45535714285714285,0.3392857142857143,0.4732142857142857,0.45535714285714285,0.6428571428571429,0.5,0.45535714285714285,0.44642857142857145,0.5357142857142857,0.5982142857142857,0.5357142857142857,0.5892857142857143,0.6428571428571429,0.44642857142857145,0.5892857142857143,0.6071428571428571
