,Binary,Binary Normalized,Multiclass,Multiclass Normalized
LR,0.6369426751592356,0.6242038216560509,0.6114649681528662,0.5859872611464968
KNN,0.5923566878980892,0.5668789808917197,0.5923566878980892,0.5987261146496815
SVM,0.6369426751592356,0.6305732484076433,0.6751592356687898,0.6624203821656051
LDA,0.47770700636942676,0.47770700636942676,0.3503184713375796,0.3503184713375796
Ensemble,0.6242038216560509,0.6242038216560509,0.6496815286624203,0.6560509554140127
Ensemble Less,0.6496815286624203,0.6305732484076433,0.6560509554140127,0.6624203821656051
